City_ID,City,Country,Date,Lat,Lng,Max Temp,Humidity,Cloudiness,Wind Speed
0,Hermanus,ZA,2022-02-03 23:52:11,-34.4187,19.2345,61.9,72,53,9.73
1,Henties Bay,NA,2022-02-03 23:52:12,-22.116,14.2845,67.86,88,1,7.99
2,Santa Cruz,BO,2022-02-03 23:52:12,-17.8,-63.1667,84.25,70,40,17.27
3,Tessalit,ML,2022-02-03 23:52:12,20.1986,1.0114,59.14,16,39,12.26
4,Saint George,US,2022-02-03 23:51:01,37.1041,-113.5841,48.79,22,0,1.99
5,Punta Arenas,CL,2022-02-03 23:51:25,-53.15,-70.9167,50.11,50,0,12.66
6,Khash,IR,2022-02-03 23:52:13,28.2211,61.2158,45.3,26,0,0.96
7,Natal,BR,2022-02-03 23:52:14,-5.795,-35.2094,81.25,83,20,10.36
8,Cape Town,ZA,2022-02-03 23:52:14,-33.9258,18.4232,64.27,66,75,1.99
9,Inhambane,MZ,2022-02-03 23:52:15,-23.865,35.3833,76.84,85,0,6.06
10,Port Alfred,ZA,2022-02-03 23:52:15,-33.5906,26.891,69.76,77,83,18.1
11,Guatire,VE,2022-02-03 23:52:16,10.4762,-66.5427,77.5,93,51,3.15
12,Andapa,MG,2022-02-03 23:52:17,-14.65,49.65,69.46,89,99,3.51
13,Hithadhoo,MV,2022-02-03 23:52:18,-0.6,73.0833,81.59,72,88,9.13
14,Bathsheba,BB,2022-02-03 23:52:19,13.2167,-59.5167,77.61,65,20,13.8
15,Moose Factory,CA,2022-02-03 23:52:19,51.2585,-80.6094,-9.42,54,0,8.05
16,Kavaratti,IN,2022-02-03 23:52:20,10.5669,72.642,79.34,65,4,8.37
17,Pisco,PE,2022-02-03 23:52:05,-13.7,-76.2167,71.65,73,0,21.85
18,Taoudenni,ML,2022-02-03 23:50:43,22.6783,-3.9836,64.26,20,65,11.43
19,Srivardhan,IN,2022-02-03 23:52:20,18.0333,73.0167,71.53,70,48,2.13
20,Narsaq,GL,2022-02-03 23:52:21,60.9167,-46.05,24.04,91,100,6.46
21,Lebu,CL,2022-02-03 23:52:21,-37.6167,-73.65,60.46,91,89,13.96
22,Longyearbyen,SJ,2022-02-03 23:52:22,78.2186,15.6401,15.64,73,20,2.3
23,Andenes,NO,2022-02-03 23:52:23,69.3143,16.1194,21.18,68,41,26.46
24,Stralsund,DE,2022-02-03 23:52:23,54.3091,13.0818,45.05,93,100,12.15
25,Arraial Do Cabo,BR,2022-02-03 23:52:24,-22.9661,-42.0278,75.16,94,75,3.44
26,Puerto Ayora,EC,2022-02-03 23:52:24,-0.7393,-90.3518,76.55,89,20,5.99
27,Luderitz,NA,2022-02-03 23:52:24,-26.6481,15.1594,68.18,69,3,15.66
28,Piro,IN,2022-02-03 23:52:25,25.3333,84.4167,57.83,82,34,14.23
29,Ushuaia,AR,2022-02-03 23:52:25,-54.8,-68.3,44.26,70,75,17.27
30,Thaba-Tseka,LS,2022-02-03 23:52:26,-29.522,28.6084,56.16,91,8,4.7
31,Bokoro,TD,2022-02-03 23:52:26,12.3807,17.0568,65.73,16,27,11.54
32,Ilulissat,GL,2022-02-03 23:52:27,69.2167,-51.1,18.23,71,100,9.35
33,Wageningen,NL,2022-02-03 23:52:27,51.9667,5.6667,46.11,93,100,11.5
34,Albany,US,2022-02-03 23:48:59,42.6001,-73.9662,41.31,92,100,4.0
35,Nizhnyaya Tavda,RU,2022-02-03 23:52:28,57.6731,66.1725,29.17,91,100,12.57
36,Kargat,RU,2022-02-03 23:52:28,55.1956,80.2811,2.64,97,39,7.85
37,Comodoro Rivadavia,AR,2022-02-03 23:52:29,-45.8667,-67.5,62.46,88,0,9.22
38,Kashi,CN,2022-02-03 23:52:29,39.4547,75.9797,24.01,42,40,6.71
39,Roald,NO,2022-02-03 23:52:29,62.5833,6.1333,41.05,93,100,28.77
40,Mahebourg,MU,2022-02-03 23:52:30,-20.4081,57.7,80.89,89,75,25.32
41,Iturama,BR,2022-02-03 23:52:30,-19.7281,-50.1956,73.13,87,97,4.14
42,Vila Velha,BR,2022-02-03 23:52:31,-20.3297,-40.2925,76.95,94,75,2.3
43,Busselton,AU,2022-02-03 23:52:31,-33.65,115.3333,83.05,36,54,13.0
44,Sibolga,ID,2022-02-03 23:52:31,1.7427,98.7792,73.96,87,61,3.51
45,East London,ZA,2022-02-03 23:52:32,-33.0153,27.9116,70.3,81,99,15.26
46,Qaanaaq,GL,2022-02-03 23:52:32,77.484,-69.3632,-13.52,58,100,7.76
47,Ambam,CM,2022-02-03 23:52:33,2.3833,11.2833,70.14,92,100,2.64
48,Carnarvon,AU,2022-02-03 23:53:33,-24.8667,113.6333,80.67,78,28,8.05
49,Upernavik,GL,2022-02-03 23:53:33,72.7868,-56.1549,2.93,67,100,4.99
50,Puerto Del Rosario,ES,2022-02-03 23:53:34,28.5004,-13.8627,69.48,52,79,5.75
51,Ancud,CL,2022-02-03 23:51:58,-41.8697,-73.8203,63.93,95,71,5.97
52,Nanortalik,GL,2022-02-03 23:53:22,60.1432,-45.2371,27.97,74,100,14.32
53,Viedma,AR,2022-02-03 23:50:27,-40.8135,-62.9967,72.84,44,0,8.77
54,Mega,ET,2022-02-03 23:53:35,4.05,38.3,64.44,44,97,15.01
55,Saint-Georges,GD,2022-02-03 23:53:36,12.0564,-61.7485,78.48,78,20,9.22
56,San Andres,CO,2022-02-03 23:53:36,12.5847,-81.7006,82.42,69,20,12.66
57,Dikson,RU,2022-02-03 23:53:36,73.5069,80.5464,-9.69,95,100,5.79
58,Sao Filipe,CV,2022-02-03 23:50:31,14.8961,-24.4956,74.14,72,0,7.25
59,Torbay,CA,2022-02-03 23:53:38,47.6666,-52.7314,36.57,84,100,23.02
60,Alekseyevka,RU,2022-02-03 23:53:39,50.6309,38.6903,27.72,97,100,6.6
61,Vilhena,BR,2022-02-03 23:53:39,-12.7406,-60.1458,77.22,83,40,2.3
62,Smolensk,RU,2022-02-03 23:53:40,55.0,33.0,8.49,99,84,5.5
63,Horadiz,AZ,2022-02-03 23:53:40,39.4488,47.3353,46.9,37,43,7.36
64,Stokmarknes,NO,2022-02-03 23:53:40,68.5646,14.9108,19.26,66,98,11.45
65,Khatanga,RU,2022-02-03 23:53:39,71.9667,102.5,-33.16,100,41,3.78
66,Skjervoy,NO,2022-02-03 23:53:41,70.0311,20.9714,19.8,74,13,29.26
67,Mar Del Plata,AR,2022-02-03 23:51:51,-38.0023,-57.5575,73.09,90,0,1.99
68,Ginda,IN,2022-02-03 23:53:42,30.6945,78.4932,33.96,93,100,3.51
69,Port Elizabeth,ZA,2022-02-03 23:53:42,-33.918,25.5701,68.29,68,0,16.11
70,Vila Franca Do Campo,PT,2022-02-03 23:53:43,37.7167,-25.4333,61.2,82,83,10.25
71,Novosergiyevka,RU,2022-02-03 23:53:43,52.0934,53.6528,27.16,92,100,11.1
72,Blagoyevo,RU,2022-02-03 23:53:44,63.3667,47.9167,7.21,98,98,2.06
73,Bubaque,GW,2022-02-03 23:53:44,11.2833,-15.8333,77.45,75,0,14.0
74,Jamestown,US,2022-02-03 23:53:23,42.097,-79.2353,26.1,69,100,8.01
75,Dhidhdhoo,MV,2022-02-03 23:53:45,6.8833,73.1,80.55,71,19,9.44
76,Caraquet,CA,2022-02-03 23:53:45,47.7941,-64.9386,25.34,81,100,13.44
77,Touros,BR,2022-02-03 23:53:46,-5.1989,-35.4608,81.5,75,73,12.88
78,Meybod,IR,2022-02-03 23:53:46,32.2501,54.0166,42.82,26,1,6.78
79,Saint-Philippe,RE,2022-02-03 23:53:11,-21.3585,55.7679,78.35,94,100,35.16
80,Salcuta,RO,2022-02-03 23:53:47,44.25,23.4333,28.98,78,14,5.48
81,Bredasdorp,ZA,2022-02-03 23:53:47,-34.5322,20.0403,61.29,72,30,3.44
82,Atengo,MX,2022-02-03 23:53:48,20.1667,-99.3333,72.95,22,30,10.0
83,Lakki Marwat,PK,2022-02-03 23:53:48,32.6079,70.9114,49.93,68,0,1.5
84,Acari,PE,2022-02-03 23:53:49,-15.4311,-74.6158,74.17,70,27,6.31
85,Olinda,BR,2022-02-03 23:50:46,-8.0089,-34.8553,82.13,69,40,6.91
86,Wukari,NG,2022-02-03 23:53:49,7.85,9.7833,73.15,16,34,5.77
87,Yumen,CN,2022-02-03 23:53:50,40.2833,97.2,13.37,39,57,9.04
88,Aswan,EG,2022-02-03 23:53:50,24.0934,32.907,54.7,35,0,8.05
89,Faya,SA,2022-02-03 23:51:53,18.3851,42.4509,57.31,66,35,4.41
90,Guane,CU,2022-02-03 23:53:51,22.2025,-84.0875,75.2,79,16,8.81
91,Caravelas,BR,2022-02-03 23:54:53,-17.7125,-39.2481,76.98,87,67,5.37
92,Castro,BR,2022-02-03 23:52:36,-24.7911,-50.0119,65.66,97,77,5.08
93,Salaya,IN,2022-02-03 23:54:54,22.3167,69.6,64.9,60,3,6.49
94,Laguna,US,2022-02-03 23:54:55,38.421,-121.4238,63.88,48,0,1.01
95,Kokkola,FI,2022-02-03 23:54:56,63.8385,23.1307,5.94,88,100,1.01
96,Buraydah,SA,2022-02-03 23:54:57,26.326,43.975,64.85,44,0,12.08
97,Kruisfontein,ZA,2022-02-03 23:54:58,-34.0033,24.7314,64.89,80,57,11.54
98,Bulungu,CD,2022-02-03 23:54:59,-4.55,18.6,67.15,98,99,2.3
99,Ponta Delgada,PT,2022-02-03 23:54:59,37.7333,-25.6667,61.5,77,20,14.97
100,Savannah Bight,HN,2022-02-03 23:55:00,16.45,-85.85,84.25,82,5,27.76
101,Lodwar,KE,2022-02-03 23:55:01,3.1191,35.5973,84.52,39,81,5.66
102,Talnakh,RU,2022-02-03 23:55:01,69.4865,88.3972,-13.58,99,91,7.14
103,Beruwala,LK,2022-02-03 23:55:01,6.4788,79.9828,72.07,87,2,3.71
104,Karmala,IN,2022-02-03 23:55:02,18.4167,75.2,61.92,65,13,10.67
105,Karasjok,NO,2022-02-03 23:55:03,69.4719,25.5112,-3.89,99,100,3.4
106,Shakhovskaya,RU,2022-02-03 23:55:04,56.0283,35.5097,14.25,97,98,3.29
107,Goba,ET,2022-02-03 23:55:04,7.0167,39.9833,46.29,47,57,5.12
108,Padang,ID,2022-02-03 23:55:05,-0.9492,100.3543,75.25,87,82,4.05
109,Algiers,DZ,2022-02-03 23:55:05,36.7525,3.042,51.62,76,0,2.3
110,Chuy,UY,2022-02-03 23:55:06,-33.6971,-53.4616,74.59,90,97,7.45
111,Turbat,PK,2022-02-03 23:55:06,26.0023,63.044,60.3,16,0,6.73
112,Akyab,MM,2022-02-03 23:55:06,20.15,92.9,62.1,70,1,6.42
113,Larsnes,NO,2022-02-03 23:55:07,62.2028,5.5773,40.68,92,100,20.51
114,Salalah,OM,2022-02-03 23:55:07,17.0151,54.0924,72.48,33,3,7.4
115,West Bay,KY,2022-02-03 23:55:08,19.3667,-81.4167,80.67,83,40,1.01
116,Husavik,IS,2022-02-03 23:52:00,66.0449,-17.3389,24.71,83,99,19.86
117,Victoria,HK,2022-02-03 23:51:06,22.2855,114.1577,57.94,82,93,3.0
118,Huarmey,PE,2022-02-03 23:54:05,-10.0681,-78.1522,72.81,77,25,9.1
119,Namibe,AO,2022-02-03 23:55:09,-15.1961,12.1522,72.1,76,2,7.02
120,Sao Gabriel Da Cachoeira,BR,2022-02-03 23:55:10,-0.1303,-67.0892,75.0,96,98,2.08
121,Georgetown,MY,2022-02-03 23:52:39,5.4112,100.3354,79.95,92,20,1.99
122,Santa Cruz Cabralia,BR,2022-02-03 23:55:10,-16.2781,-39.0247,80.83,78,20,10.36
123,Vestmannaeyjar,IS,2022-02-03 23:55:11,63.4427,-20.2734,25.68,67,6,31.85
124,Cidreira,BR,2022-02-03 23:55:11,-30.1811,-50.2056,76.03,87,24,22.03
125,Svinninge,DK,2022-02-03 23:55:12,55.7211,11.4655,43.14,100,100,13.24
126,Dingle,PH,2022-02-03 23:55:12,10.9995,122.6711,78.28,84,92,10.45
127,Portadown,GB,2022-02-03 23:55:13,54.4241,-6.4412,42.62,79,100,11.88
128,Ribeira Grande,PT,2022-02-03 23:55:13,38.5167,-28.7,58.8,74,100,17.43
129,Oskemen,KZ,2022-02-03 23:55:14,49.9565,82.6119,-16.08,75,100,0.0
130,Storm Lake,US,2022-02-03 23:55:14,42.6411,-95.2097,8.35,55,0,6.91
131,Sisimiut,GL,2022-02-03 23:55:14,66.9395,-53.6735,13.69,79,99,36.53
132,Pasighat,IN,2022-02-03 23:55:15,28.0667,95.3333,52.77,66,88,3.85
133,Puerto Madryn,AR,2022-02-03 23:50:35,-42.7692,-65.0385,71.89,46,75,2.62
134,Chrudim,CZ,2022-02-03 23:55:16,49.9511,15.7956,40.05,100,100,5.99
135,Teguldet,RU,2022-02-03 23:50:23,57.3064,88.1667,13.05,95,100,7.31
136,Mbutuy,PY,2022-02-03 23:55:16,-24.9667,-56.3,74.08,95,50,6.08
137,Mizdah,LY,2022-02-03 23:56:17,31.4451,12.9801,44.55,90,0,4.05
138,Magaria,NE,2022-02-03 23:56:17,12.9983,8.9099,59.31,19,0,13.47
139,Clyde River,CA,2022-02-03 23:56:18,70.4692,-68.5914,-9.17,84,100,34.52
140,Hvolsvollur,IS,2022-02-03 23:56:18,63.7533,-20.2243,16.2,76,35,9.71
141,Camacha,PT,2022-02-03 23:56:19,33.0833,-16.3333,62.53,94,20,9.22
142,Vila Do Maio,CV,2022-02-03 23:56:19,15.1333,-23.2167,74.19,80,0,14.47
143,Stanghelle,NO,2022-02-03 23:56:19,60.5528,5.7357,42.84,90,100,7.25
144,Gamba,GA,2022-02-03 23:56:20,-2.65,10.0,74.23,89,96,1.28
145,The Valley,AI,2022-02-03 23:56:20,18.217,-63.0578,78.66,78,20,4.61
146,Lodja,CD,2022-02-03 23:55:35,-3.4833,23.4333,68.43,91,100,2.51
147,Ostrovnoy,RU,2022-02-03 23:56:21,68.0531,39.5131,14.49,92,100,3.67
148,Beyneu,KZ,2022-02-03 23:56:21,45.3167,55.2,35.6,69,70,21.85
149,Ugep,NG,2022-02-03 23:56:22,5.8086,8.0812,78.01,74,85,4.16
150,Umm Lajj,SA,2022-02-03 23:56:22,25.0213,37.2685,70.03,55,0,15.7
151,Lagoa,PT,2022-02-03 23:56:22,39.05,-27.9833,57.78,73,100,14.05
152,Abu Samrah,SY,2022-02-03 23:56:23,35.3029,37.1841,45.39,75,30,7.25
153,Gobabis,NA,2022-02-03 23:56:23,-22.45,18.9667,72.63,40,79,11.68
154,Klaksvik,FO,2022-02-03 23:56:15,62.2266,-6.589,32.92,61,51,41.79
155,Bijapur,IN,2022-02-03 23:56:24,16.8333,75.7,61.95,58,7,9.26
156,Kalat,PK,2022-02-03 23:56:24,29.0225,66.5916,32.27,28,0,2.3
157,Sabang,ID,2022-02-03 23:56:25,5.8933,95.3214,82.09,70,54,12.12
158,Maraba,BR,2022-02-03 23:56:25,-5.3686,-49.1178,73.76,97,96,0.85
159,Santiago Del Estero,AR,2022-02-03 23:56:25,-27.7951,-64.2615,80.82,63,63,6.04
160,Port Blair,IN,2022-02-03 23:54:02,11.6667,92.75,71.64,94,40,0.0
161,Sioux Lookout,CA,2022-02-03 23:56:26,50.1001,-91.917,-3.62,71,75,0.0
162,Tocopilla,CL,2022-02-03 23:52:01,-22.092,-70.1979,70.07,75,19,12.44
163,Tabuk,PH,2022-02-03 23:56:27,17.4189,121.4443,71.38,88,15,2.46
164,Asosa,ET,2022-02-03 23:56:27,10.0667,34.5333,69.75,25,60,6.55
165,Mopti,ML,2022-02-03 23:56:28,14.6667,-4.0,72.43,12,18,8.95
166,Vizianagaram,IN,2022-02-03 23:56:28,18.1167,83.4167,69.31,89,20,4.68
167,Yellowknife,CA,2022-02-03 23:56:13,62.456,-114.3525,-22.45,87,0,6.91
168,Pedernales,DO,2022-02-03 23:56:29,18.0384,-71.744,76.93,72,71,5.32
169,Jurado,CO,2022-02-03 23:56:30,7.1053,-77.7641,77.34,89,60,0.58
170,Katima Mulilo,NA,2022-02-03 23:56:30,-17.5,24.2667,66.15,91,64,3.31
171,Nadrag,RO,2022-02-03 23:56:31,45.65,22.1833,24.89,84,55,3.71
172,Praia Da Vitoria,PT,2022-02-03 23:55:25,38.7333,-27.0667,57.45,88,20,13.47
173,Lucea,JM,2022-02-03 23:56:31,18.451,-78.1736,80.46,78,11,10.04
174,Kungurtug,RU,2022-02-03 23:56:32,50.5994,97.5228,-15.77,99,99,1.1
175,Korla,CN,2022-02-03 23:54:18,41.7597,86.1469,24.62,47,100,6.58
176,Japura,ID,2022-02-03 23:56:32,-0.3167,102.35,72.79,97,72,1.41
177,Bozova,TR,2022-02-03 23:56:33,37.3625,38.5267,43.72,95,100,14.36
178,Ponta Do Sol,PT,2022-02-03 23:56:33,32.6667,-17.1,66.0,78,56,5.39
179,Leh,IN,2022-02-03 23:52:00,34.1667,77.5833,5.86,96,100,1.97
180,Zverinogolovskoye,RU,2022-02-03 23:56:34,54.4586,64.8542,21.02,82,100,15.97
181,Thompson,CA,2022-02-03 23:56:34,55.7435,-97.8558,-12.84,64,0,9.22
182,Jumla,NP,2022-02-03 23:56:34,29.2747,82.1838,34.52,98,100,5.3
183,Edd,ER,2022-02-03 23:56:35,13.9297,41.6925,82.15,33,88,15.88
184,La Rioja,ES,2022-02-03 23:56:35,42.25,-2.5,47.05,65,99,3.47
185,Iqaluit,CA,2022-02-03 23:57:36,63.7506,-68.5145,-9.67,64,75,10.36
186,Mendi,PG,2022-02-03 23:57:37,-6.1761,143.6513,69.13,58,86,2.26
187,Coihaique,CL,2022-02-03 23:57:37,-45.5752,-72.0662,66.15,52,75,6.91
188,Saldanha,ZA,2022-02-03 23:57:38,-33.0117,17.9442,59.05,80,2,19.24
189,Saint-Junien,FR,2022-02-03 23:57:38,45.8833,0.9,41.94,95,71,2.66
190,Oneonta,US,2022-02-03 23:57:38,42.4529,-75.0638,38.8,97,100,4.85
191,Black River,JM,2022-02-03 23:53:48,18.0264,-77.8487,80.6,79,18,3.02
192,Rawson,AR,2022-02-03 23:57:39,-43.3002,-65.1023,71.89,53,75,11.5
193,Strezhevoy,RU,2022-02-03 23:57:39,60.7333,77.5889,21.18,92,100,12.03
194,Rorvik,NO,2022-02-03 23:57:40,64.8621,11.2373,27.93,80,100,41.05
195,Antsohihy,MG,2022-02-03 23:57:40,-14.8796,47.9875,72.79,98,100,3.65
196,Richards Bay,ZA,2022-02-03 23:57:41,-28.783,32.0377,77.29,92,72,6.44
197,Chicama,PE,2022-02-03 23:57:41,-7.8447,-79.1469,66.74,68,55,8.23
198,Svetlogorsk,BY,2022-02-03 23:57:42,52.6333,29.7333,9.39,98,89,5.79
199,Souillac,MU,2022-02-03 23:53:37,-20.5167,57.5167,80.98,89,75,25.32
200,Hearst,CA,2022-02-03 23:57:42,49.6835,-83.6665,-9.15,96,66,2.44
201,Rincon,US,2022-02-03 23:57:43,32.296,-81.2354,70.25,83,84,1.01
202,Matagami,CA,2022-02-03 23:57:43,49.7502,-77.6328,-16.49,69,0,2.3
203,Ambilobe,MG,2022-02-03 23:57:43,-13.2,49.05,75.76,92,100,6.42
204,Matay,EG,2022-02-03 23:57:44,28.419,30.7792,51.46,50,12,11.45
205,Brigantine,US,2022-02-03 23:57:44,39.4101,-74.3646,50.04,97,100,17.38
206,Cockburn Town,TC,2022-02-03 23:56:20,21.4612,-71.1419,75.67,71,26,22.19
207,Atar,MR,2022-02-03 23:57:45,20.5169,-13.0499,69.44,13,0,7.9
208,San Cristobal,VE,2022-02-03 23:54:28,7.7669,-72.225,77.18,62,79,1.81
209,Boyuibe,BO,2022-02-03 23:57:46,-20.4167,-63.2833,89.51,59,50,6.26
210,Teya,RU,2022-02-03 23:57:46,60.3778,92.6267,10.9,93,99,6.62
211,Matam,SN,2022-02-03 23:57:47,15.6175,-13.3303,71.6,28,0,2.3
212,Arroyo,ES,2022-02-03 23:57:47,41.6096,-4.7969,45.07,68,100,6.15
213,Celestun,MX,2022-02-03 23:57:47,20.8667,-90.4,80.28,69,0,8.46
214,Carbonia,IT,2022-02-03 23:57:48,39.1672,8.5222,47.01,78,40,2.73
215,Krasnovishersk,RU,2022-02-03 23:57:48,60.4078,57.082,-2.02,100,100,1.03
216,Kushmurun,KZ,2022-02-03 23:57:08,52.4503,64.6311,14.09,84,100,14.12
217,Malartic,CA,2022-02-03 23:57:49,48.1335,-78.1328,-5.98,71,94,4.16
218,Necochea,AR,2022-02-03 23:56:20,-38.5473,-58.7368,68.04,89,97,8.23
219,Hamilton,US,2022-02-03 23:57:50,39.1834,-84.5333,27.05,92,100,3.0
220,Havre-Saint-Pierre,CA,2022-02-03 23:57:50,50.2334,-63.5986,18.19,73,100,19.57
221,Adamovka,RU,2022-02-03 23:57:50,51.5223,59.9396,18.9,84,100,10.76
222,San Carlos De Bariloche,AR,2022-02-03 23:57:51,-41.1456,-71.3082,67.75,40,40,14.97
223,Mpanda,TZ,2022-02-03 23:57:51,-6.3655,31.0409,65.39,98,100,4.56
224,Sur,OM,2022-02-03 23:57:52,22.5667,59.5289,67.84,49,0,4.7
225,Codajas,BR,2022-02-03 23:57:52,-3.8367,-62.0569,73.81,98,86,2.06
226,Araouane,ML,2022-02-03 23:57:52,18.9048,-3.5265,65.46,11,0,9.89
227,Taltal,CL,2022-02-03 23:57:53,-25.4,-70.4833,68.49,69,11,5.37
228,Hofn,IS,2022-02-03 23:57:53,64.2539,-15.2082,27.86,59,72,24.7
229,Sept-Iles,CA,2022-02-03 23:57:54,50.2001,-66.3821,8.06,57,75,11.99
230,Rafaela,AR,2022-02-03 23:58:54,-31.2503,-61.4867,80.06,68,17,1.99
231,Kortkeros,RU,2022-02-03 23:58:55,61.8106,51.5806,15.8,99,96,4.25
232,Mao,ES,2022-02-03 23:58:55,39.8885,4.2658,48.76,100,20,4.61
233,Zemio,CF,2022-02-03 23:58:56,5.0314,25.1361,76.77,30,100,2.75
234,Danielskuil,ZA,2022-02-03 23:58:56,-28.1887,23.5395,61.92,74,0,5.1
235,Mae Sai,TH,2022-02-03 23:58:57,20.4335,99.8762,53.89,57,0,2.53
236,Lalibela,ET,2022-02-03 23:58:57,12.0333,39.0333,58.32,48,81,2.44
237,Fort Frances,CA,2022-02-03 23:58:57,48.5999,-93.4003,-3.84,66,58,3.47
238,Male,MV,2022-02-03 23:58:58,4.1748,73.5089,80.55,83,20,4.61
239,Emba,KZ,2022-02-03 23:58:58,48.8264,58.1442,20.77,78,100,11.3
240,Madingou,CG,2022-02-03 23:58:59,-4.1536,13.55,71.42,98,99,2.21
241,Pangnirtung,CA,2022-02-03 23:58:59,66.1451,-65.7125,-4.0,77,100,10.36
242,Turochak,RU,2022-02-03 23:59:00,52.2576,87.1224,-6.47,99,60,2.98
243,Peniche,PT,2022-02-03 23:59:00,39.3558,-9.3811,54.09,84,100,2.06
244,Tashtyp,RU,2022-02-03 23:59:00,52.7939,89.8983,-5.4,99,50,2.66
245,Koulikoro,ML,2022-02-03 23:59:01,14.0,-7.75,66.22,15,0,7.25
246,Veracruz,MX,2022-02-03 23:59:01,19.3333,-96.6667,69.87,75,2,3.0
247,Tasiilaq,GL,2022-02-03 23:55:45,65.6145,-37.6368,6.17,61,100,7.23
248,Gat,IL,2022-02-03 23:58:17,31.61,34.7642,54.39,100,6,10.31
249,Boa Vista,BR,2022-02-03 23:58:14,2.8197,-60.6733,85.98,51,20,6.91
250,Acarau,BR,2022-02-03 23:59:02,-2.8856,-40.12,79.99,80,59,14.25
251,Bousso,TD,2022-02-03 23:59:03,10.4795,16.7117,70.97,12,38,9.17
252,Sistranda,NO,2022-02-03 23:59:03,63.7256,8.834,37.36,69,100,16.26
253,Indiaroba,BR,2022-02-03 23:59:04,-11.5192,-37.5117,77.49,81,54,4.41
254,Vardo,NO,2022-02-03 23:59:05,70.3705,31.1107,26.76,65,100,15.23
255,Manaure,CO,2022-02-03 23:59:05,11.7751,-72.4445,80.71,71,0,21.54
256,Lubango,AO,2022-02-03 23:55:52,-14.9172,13.4925,60.64,56,33,0.76
257,Bambous Virieux,MU,2022-02-03 23:59:06,-20.3428,57.7575,80.85,89,75,25.32
258,Cap Malheureux,MU,2022-02-03 23:59:06,-19.9842,57.6142,81.09,84,100,14.0
259,Maceio,BR,2022-02-03 23:59:06,-9.6658,-35.7353,80.04,83,20,4.61
260,Lima,PE,2022-02-03 23:58:13,-12.0432,-77.0282,71.85,77,0,3.0
261,Crossville,US,2022-02-03 23:58:55,35.949,-85.0269,58.51,98,100,8.99
262,Pitimbu,BR,2022-02-03 23:58:01,-7.4706,-34.8086,82.99,77,68,12.88
263,Batavia,US,2022-02-03 23:59:08,41.85,-88.3126,24.91,78,100,4.0
264,Visby,SE,2022-02-03 23:59:08,57.6409,18.296,36.05,93,100,12.66
265,Tselinnoye,RU,2022-02-03 23:59:08,53.0833,85.6667,-4.79,100,100,1.74
266,Opuwo,NA,2022-02-03 23:57:13,-18.0607,13.84,65.03,55,6,4.03
267,Ati,TD,2022-02-03 23:59:09,13.2154,18.3353,64.08,15,13,12.77
268,Nosy Varika,MG,2022-02-03 23:59:09,-20.5833,48.5333,74.26,95,100,12.08
269,Dolores,AR,2022-02-03 23:59:10,-36.3132,-57.6792,66.76,88,63,4.38
270,Moron,AR,2022-02-03 23:59:10,-34.6534,-58.6198,75.09,87,74,4.36
271,Port Said,EG,2022-02-03 23:59:12,31.2565,32.2841,55.38,67,0,11.5
272,Melchor De Mencos,GT,2022-02-03 23:59:12,17.0686,-89.1522,91.4,58,20,0.0
273,Raudeberg,NO,2022-02-03 23:59:13,61.9875,5.1352,38.98,94,100,8.99
274,Codrington,AU,2022-02-03 23:59:13,-38.2667,141.9667,65.82,60,88,14.45
275,Saiha,IN,2022-02-03 23:59:14,22.4833,92.9667,50.34,71,1,4.36
276,Spodnja Idrija,SI,2022-02-04 00:00:17,46.0319,14.0272,42.93,82,100,4.7
277,Nantucket,US,2022-02-03 23:56:36,41.2835,-70.0995,47.03,100,100,10.36
278,Chirongui,YT,2022-02-04 00:00:20,-12.9319,45.1483,82.33,77,100,10.78
279,Hobyo,SO,2022-02-04 00:00:21,5.3505,48.5268,75.27,76,47,16.49
280,Sorland,NO,2022-02-04 00:00:24,67.667,12.6934,26.44,68,100,37.51
281,Mitsamiouli,KM,2022-02-04 00:00:26,-11.3847,43.2844,82.09,76,99,9.86
282,Meulaboh,ID,2022-02-03 23:57:05,4.1363,96.1285,74.84,88,93,4.05
283,Benguela,AO,2022-02-04 00:00:27,-12.5763,13.4055,74.64,74,75,1.54
284,Nacala,MZ,2022-02-04 00:00:29,-14.5428,40.6728,76.64,87,74,3.44
285,Geraldton,AU,2022-02-04 00:00:29,-28.7667,114.6,91.81,14,0,19.57
286,Skibbereen,IE,2022-02-04 00:00:31,51.55,-9.2667,43.11,88,100,12.08
287,Baykit,RU,2022-02-04 00:00:32,61.67,96.37,15.44,96,100,4.21
288,Ardakan,IR,2022-02-04 00:00:32,32.31,54.0175,47.82,27,1,6.04
289,Hauterive,FR,2022-02-03 23:56:30,46.0901,3.4459,40.78,92,18,1.16
290,Tevriz,RU,2022-02-04 00:00:33,57.509,72.4042,22.68,93,100,13.11
291,Baixa Grande,BR,2022-02-04 00:00:34,-11.9597,-40.1681,77.58,68,77,8.34
292,Olafsvik,IS,2022-02-04 00:00:35,64.8945,-23.7142,27.34,70,95,30.87
293,Rairangpur,IN,2022-02-04 00:00:35,22.2676,86.1751,62.71,91,2,4.05
294,Chapais,CA,2022-02-03 23:57:01,49.7834,-74.8492,-15.02,98,94,2.53
295,Ilo,PE,2022-02-04 00:00:37,-17.6394,-71.3375,69.28,80,99,3.53
296,Plettenberg Bay,ZA,2022-02-04 00:00:38,-34.0527,23.3716,64.31,81,99,7.31
297,Skagen,DK,2022-02-04 00:00:38,57.7209,10.5839,43.09,93,99,17.6
298,Masalli,KR,2022-02-04 00:00:38,34.7959,126.6553,32.77,53,28,7.23
299,Cayenne,GF,2022-02-04 00:00:39,4.9333,-52.3333,79.09,88,100,4.0
300,Walvis Bay,NA,2022-02-03 23:59:26,-22.9575,14.5053,68.09,81,0,11.21
301,Harfleur,FR,2022-02-04 00:00:40,49.5066,0.1983,47.61,93,100,11.5
302,Balcauti,RO,2022-02-04 00:00:40,47.8915,26.0728,30.67,82,22,4.21
303,Augusta,DE,2022-02-04 00:00:41,48.3667,10.8833,42.6,91,100,2.3
304,Santa Maria Do Suacui,BR,2022-02-04 00:00:41,-18.1903,-42.4142,70.74,95,87,1.99
305,Pyu,MM,2022-02-04 00:00:42,18.4833,96.4333,55.15,55,32,4.63
306,Mingoyo,TZ,2022-02-04 00:00:42,-10.1,39.6333,73.62,98,67,3.13
307,Marawi,PH,2022-02-04 00:00:43,7.9986,124.2928,67.64,87,99,2.19
308,Hambantota,LK,2022-02-04 00:00:43,6.1241,81.1185,72.99,86,0,6.82
309,Barranca,PE,2022-02-04 00:00:44,-10.75,-77.7667,72.0,76,44,8.61
310,La Belgica,BO,2022-02-04 00:00:44,-17.55,-63.2167,76.15,82,21,8.28
311,Llanes,ES,2022-02-04 00:00:45,43.4198,-4.7549,50.27,78,100,3.98
312,Riyadh,SA,2022-02-04 00:00:00,24.6877,46.7219,62.74,36,0,8.79
313,Ambatondrazaka,MG,2022-02-04 00:00:45,-17.8333,48.4167,64.17,94,100,3.44
314,Itambe,BR,2022-02-04 00:00:46,-15.245,-40.6244,71.38,76,94,2.04
315,Salinopolis,BR,2022-02-04 00:00:46,-0.6136,-47.3561,78.91,82,93,11.1
316,Mbanza-Ngungu,CD,2022-02-04 00:00:47,-5.25,14.8667,67.68,95,100,2.91
317,Novichikha,RU,2022-02-04 00:00:48,52.204,81.3877,-5.04,100,98,4.94
318,Disna,BY,2022-02-04 00:00:48,55.568,28.1971,4.84,100,84,3.09
319,Kalka,IN,2022-02-04 00:00:49,30.8344,76.9333,47.17,93,100,2.93
320,Houma,US,2022-02-04 00:00:50,29.5958,-90.7195,52.0,89,85,8.99
321,Calvinia,ZA,2022-02-03 23:57:04,-31.4707,19.776,63.25,66,0,3.91
322,Kokino,RU,2022-02-04 00:01:50,52.4964,34.7808,20.39,97,98,6.89
323,Saint-Augustin,CA,2022-02-04 00:01:51,51.226,-58.6502,15.75,73,100,19.01
324,Coromandel,BR,2022-02-04 00:01:52,-18.4733,-47.2003,68.13,90,72,2.55
325,Shelburne,CA,2022-02-03 23:59:47,44.0787,-80.2041,12.18,86,100,12.55
326,Bengkulu,ID,2022-02-04 00:01:52,-3.8004,102.2655,75.96,88,100,2.33
327,Sumbe,AO,2022-02-04 00:01:53,-11.2061,13.8437,74.95,79,89,5.35
328,Sinnamary,GF,2022-02-04 00:01:53,5.3833,-52.95,76.26,90,83,10.31
329,San Juan,AR,2022-02-04 00:01:54,-31.5375,-68.5364,84.27,31,20,7.61
330,Lincoln,US,2022-02-03 23:59:13,40.8,-96.667,19.0,35,4,1.01
331,Fomboni,KM,2022-02-04 00:01:54,-12.28,43.7425,82.47,76,80,9.82
332,Usinsk,RU,2022-02-03 23:58:01,65.9939,57.5281,15.85,96,100,8.08
333,Mehamn,NO,2022-02-04 00:01:55,71.0357,27.8492,21.18,79,100,12.86
334,Labuhan,ID,2022-02-04 00:01:55,-6.8844,112.2051,77.79,85,99,6.82
335,Paamiut,GL,2022-02-04 00:01:56,61.994,-49.6678,18.36,95,100,4.07
336,Raga,SS,2022-02-04 00:01:56,8.4596,25.678,74.25,21,81,3.62
337,Macamic,CA,2022-02-04 00:01:57,48.7502,-78.9996,-16.85,97,100,2.53
338,Tiznit,MA,2022-02-04 00:01:57,29.5833,-9.5,63.61,27,83,6.53
339,Matara,LK,2022-02-04 00:01:58,5.9485,80.5353,71.92,89,2,4.43
340,Dovolnoye,RU,2022-02-04 00:01:58,54.4958,79.6671,3.31,97,27,7.96
341,Pangoa,PE,2022-02-04 00:01:59,-12.1167,-73.0,69.53,98,73,1.05
342,Esik,KZ,2022-02-04 00:01:59,43.3552,77.4525,17.02,69,35,6.51
343,Hami,CN,2022-02-04 00:02:00,42.8,93.45,21.81,37,16,2.28
344,Chulumani,BO,2022-02-04 00:02:00,-16.4096,-67.5263,64.99,98,96,1.45
345,Bilma,NE,2022-02-04 00:02:00,18.6853,12.9164,55.62,25,1,16.06
346,Muravlenko,RU,2022-02-04 00:02:01,63.7898,74.523,15.33,96,100,7.45
347,Corum,TR,2022-02-04 00:02:01,40.5,34.75,30.7,98,100,4.45
348,Strelka,RU,2022-02-04 00:02:02,58.0728,93.0344,12.63,94,100,6.15
349,Mangaratiba,BR,2022-02-04 00:02:02,-22.9597,-44.0406,78.03,92,91,2.77
350,Pangody,RU,2022-02-04 00:02:02,65.85,74.4859,2.91,98,99,5.79
351,Along,IN,2022-02-04 00:02:03,28.1667,94.7667,46.13,93,89,2.01
352,Navrongo,GH,2022-02-04 00:02:04,10.8956,-1.0921,73.56,11,3,6.35
353,Takab,IR,2022-02-04 00:02:04,36.4009,47.1133,25.54,64,61,2.21
354,Methoni,GR,2022-02-04 00:02:05,36.8197,21.7049,39.06,55,36,5.68
355,Chute-Aux-Outardes,CA,2022-02-04 00:02:05,49.1168,-68.399,4.59,73,100,8.99
356,Filimonovo,RU,2022-02-04 00:02:05,56.2011,95.4611,-1.46,94,95,5.12
357,Finnsnes,NO,2022-02-04 00:02:06,69.2296,17.9811,21.16,94,53,9.04
358,Rio Grande,BR,2022-02-04 00:02:06,-32.035,-52.0986,76.59,86,48,9.19
359,Kabo,CF,2022-02-04 00:02:07,7.6994,18.629,72.54,18,68,6.33
360,Ugoofaaru,MV,2022-02-04 00:02:07,5.6667,73.0,80.37,76,45,9.93
361,Muscatine,US,2022-02-04 00:02:08,41.4667,-91.1335,16.34,51,0,3.0
362,Sao Joao Da Barra,BR,2022-02-04 00:02:08,-21.6403,-41.0511,74.32,94,99,7.56
363,Westport,US,2022-02-04 00:01:26,41.1415,-73.3579,46.99,96,100,4.0
364,Floro,NO,2022-02-04 00:02:09,61.5996,5.0328,40.23,93,100,26.46
365,Verkhnyaya Inta,RU,2022-02-04 00:02:10,65.9811,60.3094,16.18,96,100,4.47
366,Tarabuco,BO,2022-02-04 00:02:10,-19.1667,-64.9167,53.87,74,94,3.85
367,Quimperle,FR,2022-02-04 00:02:10,47.8667,-3.55,49.95,81,100,5.75
368,Sakakah,SA,2022-02-04 00:03:11,29.9697,40.2064,54.27,48,0,14.63
369,Sancti Spiritus,CU,2022-02-04 00:03:12,21.9297,-79.4425,75.61,71,77,12.37
370,Goderich,CA,2022-02-04 00:02:43,43.7501,-81.7165,15.91,86,100,16.49
371,Hualmay,PE,2022-02-04 00:03:12,-11.0964,-77.6139,71.96,77,28,10.38
372,Kolokani,ML,2022-02-04 00:03:13,13.5728,-8.0339,66.43,15,3,8.1
373,Bonthe,SL,2022-02-04 00:03:13,7.5264,-12.505,76.73,88,2,4.81
374,Riedlingen,DE,2022-02-04 00:03:14,48.1545,9.4756,41.32,93,100,3.0
375,Bhitarwar,IN,2022-02-04 00:03:15,25.8,78.1167,52.38,67,0,4.97
376,Americus,US,2022-02-04 00:03:15,32.0724,-84.2327,73.53,64,100,11.5
377,Chibuto,MZ,2022-02-04 00:03:16,-24.6867,33.5306,75.36,78,0,6.31
378,Belmonte,BR,2022-02-04 00:03:16,-15.8631,-38.8828,78.21,81,19,6.69
379,Dwarka,IN,2022-02-03 23:58:26,22.2394,68.9678,67.71,48,3,7.18
380,Caraballeda,VE,2022-02-04 00:03:17,10.6112,-66.8522,78.87,78,40,5.75
381,Omboue,GA,2022-02-04 00:03:17,-1.5746,9.2618,76.53,86,97,4.16
382,Altay,CN,2022-02-04 00:03:17,47.8667,88.1167,3.9,62,3,7.47
383,Ribeira Brava,PT,2022-02-04 00:03:18,32.65,-17.0667,67.01,80,53,4.43
384,Matamoros,MX,2022-02-04 00:03:18,25.5333,-103.25,73.51,25,20,11.5
385,Tahoua,NE,2022-02-04 00:03:19,14.8888,5.2692,60.75,17,0,16.42
386,Diamantino,BR,2022-02-04 00:03:19,-14.4086,-56.4461,73.92,90,82,2.55
387,Uch,FR,2022-02-04 00:03:20,45.3192,-0.9345,49.55,85,100,5.28
388,Chimore,BO,2022-02-04 00:03:20,-16.9833,-65.1333,73.4,97,66,1.81
389,Senekal,ZA,2022-02-04 00:03:20,-28.3197,27.6208,64.62,81,11,4.81
390,Bhindar,IN,2022-02-04 00:03:21,24.5,74.1833,50.43,46,0,2.75
391,Naifaru,MV,2022-02-04 00:03:21,5.4444,73.3657,80.44,73,41,4.63
392,Andros,GR,2022-02-04 00:03:22,37.8333,24.9333,48.76,51,70,39.37
393,Berlevag,NO,2022-02-04 00:03:22,70.8578,29.0864,23.22,78,100,15.48
394,Kharitonovo,RU,2022-02-04 00:03:23,61.4009,47.4978,5.0,100,94,3.09
395,Uige,AO,2022-02-04 00:03:23,-7.6087,15.0613,66.02,94,100,0.74
396,Quechultenango,MX,2022-02-04 00:03:23,17.4167,-99.2167,76.32,47,0,5.44
397,Bolotnoye,RU,2022-02-04 00:03:24,55.6717,84.3981,1.58,98,97,7.38
398,Mutare,ZW,2022-02-04 00:03:24,-18.9707,32.6709,65.44,90,39,1.77
399,Jalu,LY,2022-02-04 00:03:25,29.0331,21.5482,52.02,54,25,15.46
400,Axim,GH,2022-02-04 00:03:16,4.8699,-2.2405,79.2,85,5,7.0
401,Liverpool,GB,2022-02-03 23:59:40,53.4106,-2.9779,51.76,90,75,8.99
402,Ofaqim,IL,2022-02-04 00:03:25,31.3141,34.6203,52.74,63,7,11.72
403,Podor,MR,2022-02-04 00:03:26,16.6527,-14.9587,76.53,9,0,10.96
404,Ghanzi,BW,2022-02-04 00:03:26,-21.5667,21.7833,67.69,87,71,7.18
405,Lhokseumawe,ID,2022-02-04 00:03:27,5.1801,97.1507,75.0,88,51,4.7
406,Iskateley,RU,2022-02-04 00:03:17,67.6803,53.1512,1.33,98,99,3.69
407,Prenzlau,DE,2022-02-04 00:03:28,53.3167,13.8667,45.34,95,100,9.08
408,Daytona Beach,US,2022-02-04 00:03:28,29.2108,-81.0228,73.13,77,20,5.75
409,Tonantins,BR,2022-02-04 00:03:29,-2.8731,-67.8022,74.32,96,100,2.21
410,Bukama,CD,2022-02-04 00:03:29,-9.2,25.85,67.91,99,100,2.95
411,Lokvine,BA,2022-02-04 00:03:30,44.2047,17.8564,30.51,86,89,3.58
412,Imbituba,BR,2022-02-04 00:02:25,-28.24,-48.6703,74.39,89,29,16.31
413,Palaikastron,GR,2022-02-04 00:04:31,35.2,26.25,49.75,79,100,35.01
414,San Antonio Ilotenango,GT,2022-02-04 00:04:32,15.0547,-91.2297,62.78,74,31,3.87
415,Kudahuvadhoo,MV,2022-02-04 00:04:32,2.6708,72.8944,80.91,71,56,6.6
416,High Rock,BS,2022-02-04 00:02:46,26.6208,-78.2833,73.42,69,0,15.03
417,Antalaha,MG,2022-02-04 00:04:33,-14.9003,50.2788,75.51,86,100,4.72
418,Buta,CD,2022-02-04 00:04:34,2.7858,24.73,75.4,36,96,2.86
419,Kizema,RU,2022-02-04 00:04:34,61.113,44.8302,-5.58,100,93,2.44
420,Senno,RU,2022-02-04 00:04:34,59.5336,33.9167,-5.49,100,99,2.15
421,Podgornoye,RU,2022-02-04 00:04:35,51.735,39.1496,25.02,100,100,4.47
422,Balykshi,KZ,2022-02-04 00:04:35,47.0667,51.8667,35.6,87,95,24.61
423,Chechat,IN,2022-02-04 00:04:36,24.7667,75.8833,54.14,53,0,6.22
424,San Borja,BO,2022-02-04 00:04:36,-14.8167,-66.85,76.23,87,85,2.08
425,Gaoual,GN,2022-02-04 00:04:37,11.75,-13.2,74.88,15,0,2.15
426,Port-Gentil,GA,2022-02-04 00:04:37,-0.7193,8.7815,80.02,77,57,5.91
427,Bhainsa,IN,2022-02-04 00:04:37,26.9548,76.9012,49.89,72,0,7.25
428,Amapa,BR,2022-02-04 00:04:38,1.0,-52.0,73.02,98,100,3.6
429,Menongue,AO,2022-02-04 00:04:38,-14.6585,17.691,60.62,97,100,4.43
430,Puerto El Triunfo,SV,2022-02-04 00:04:39,13.2833,-88.55,80.76,71,2,6.93
431,Anzio,IT,2022-02-04 00:04:39,41.4853,12.6179,51.31,77,75,11.54
432,Shetpe,KZ,2022-02-04 00:04:39,44.1667,52.1167,42.6,53,86,17.67
433,Bayan,CN,2022-02-04 00:04:40,46.0833,127.4,-11.49,99,92,4.36
434,Grindavik,IS,2022-02-04 00:04:40,63.8424,-22.4338,25.27,74,75,13.8
435,Vallenar,CL,2022-02-04 00:03:00,-28.5708,-70.7581,72.05,43,0,5.28
436,Edgewater,US,2022-02-04 00:04:41,28.9889,-80.9023,73.78,78,0,9.22
437,Yenagoa,NG,2022-02-04 00:04:41,4.9247,6.2642,77.67,82,7,2.17
438,Shache,CN,2022-02-04 00:04:42,38.4167,77.2406,25.2,46,100,2.37
439,Muri,IN,2022-02-04 00:04:42,23.3667,85.8667,67.23,90,40,3.53
440,Colares,PT,2022-02-04 00:04:43,38.7992,-9.4469,55.33,75,100,1.01
441,Devanhalli,IN,2022-02-04 00:04:43,13.2325,77.6992,64.63,94,40,5.75
442,Camara De Lobos,PT,2022-02-04 00:04:43,32.6333,-16.9667,67.01,86,40,5.01
443,Warri,NG,2022-02-04 00:04:44,5.5167,5.75,78.01,81,50,2.3
444,Najran,SA,2022-02-04 00:04:45,17.4924,44.1277,59.14,34,9,3.8
445,La Serena,CL,2022-02-04 00:02:33,-29.9078,-71.2542,64.56,79,8,4.12
446,La Suiza,CR,2022-02-04 00:04:46,9.8524,-83.6133,74.7,97,65,2.1
447,Hollabrunn,AT,2022-02-04 00:04:46,48.55,16.0833,40.44,82,100,1.68
448,Balintore,GB,2022-02-04 00:04:46,57.7556,-3.9123,37.42,83,50,22.1
449,Coquimbo,CL,2022-02-04 00:01:44,-29.9533,-71.3436,64.63,80,4,7.49
450,Kozhva,RU,2022-02-04 00:04:47,65.1073,57.0459,14.4,97,100,4.61
451,Yar-Sale,RU,2022-02-04 00:04:48,66.8333,70.8333,-10.14,100,99,5.01
452,Terra Santa,BR,2022-02-04 00:04:48,-2.1042,-56.4869,77.49,75,78,2.37
453,Kodinar,IN,2022-02-04 00:04:49,20.7903,70.7031,61.43,48,3,6.91
454,Bay City,US,2022-02-04 00:04:49,43.5945,-83.8889,16.36,69,0,8.99
455,Cordoba,AR,2022-02-04 00:04:49,-31.4135,-64.1811,74.43,82,20,5.75
456,Balsas,BR,2022-02-04 00:04:50,-7.5325,-46.0356,77.22,74,98,1.36
457,Plouzane,FR,2022-02-04 00:04:50,48.3833,-4.6167,48.38,81,100,9.22
458,Myitkyina,MM,2022-02-04 00:05:51,25.3833,97.4,50.61,85,60,3.42
459,Rocha,UY,2022-02-04 00:05:51,-34.4833,-54.3333,70.88,96,100,4.85
460,Vuktyl,RU,2022-02-04 00:05:51,63.8567,57.3094,13.96,96,100,4.76
461,Quthing,LS,2022-02-04 00:05:52,-30.4,27.7003,64.24,81,47,4.92
462,Igrim,RU,2022-02-04 00:05:52,63.1906,64.4162,8.78,97,100,0.85
463,Rio Tercero,AR,2022-02-04 00:05:53,-32.173,-64.1141,75.79,70,37,2.91
464,Wattegama,LK,2022-02-04 00:05:53,6.7989,81.4808,67.69,93,0,2.82
465,Copiapo,CL,2022-02-04 00:05:53,-27.3667,-70.3333,71.13,46,0,5.14
466,Atouguia Da Baleia,PT,2022-02-04 00:05:54,39.3381,-9.3263,55.36,95,100,1.43
467,Loandjili,CG,2022-02-04 00:03:15,-4.7561,11.8578,77.79,77,98,3.85
468,Saint-Joseph,RE,2022-02-04 00:05:54,-21.3667,55.6167,77.36,92,100,29.75
469,Yaan,NG,2022-02-04 00:05:46,7.3833,8.5667,80.28,13,37,9.24
470,Palencia,ES,2022-02-04 00:05:55,42.4167,-4.5,41.92,75,100,2.39
471,Raduzhnyy,RU,2022-02-04 00:05:55,62.0961,77.475,18.64,95,100,10.49
472,Zapolyarnyy,RU,2022-02-04 00:05:56,69.4154,30.8136,-1.12,99,100,3.33
473,Hovd,MN,2022-02-04 00:05:56,48.0056,91.6419,-10.1,81,21,3.74
474,Kihurio,TZ,2022-02-04 00:05:57,-4.4667,38.0667,71.55,90,100,4.79
475,Hurghada,EG,2022-02-04 00:05:57,27.2574,33.8129,56.59,41,0,13.82
476,Nadym,RU,2022-02-04 00:05:57,65.5333,72.5167,2.53,99,97,6.91
477,Shubarkuduk,KZ,2022-02-04 00:05:58,49.1447,56.4872,22.1,79,100,15.35
478,Cabedelo,BR,2022-02-04 00:05:58,-6.9811,-34.8339,83.07,73,88,12.46
479,Ondangwa,NA,2022-02-04 00:05:59,-17.9167,15.95,78.3,35,65,14.83
480,Cascais,PT,2022-02-04 00:01:08,38.6979,-9.4215,55.51,74,100,1.01
481,Boende,CD,2022-02-04 00:05:59,-0.2167,20.8667,66.61,96,90,2.62
482,Yemelyanovo,RU,2022-02-04 00:06:00,56.1681,92.6767,-4.99,84,0,0.0
483,Biankouma,CI,2022-02-04 00:06:00,7.7391,-7.6138,67.78,16,0,0.94
484,Quincy,US,2022-02-04 00:06:01,42.2529,-71.0023,45.43,96,100,0.0
485,Margate,GB,2022-02-04 00:03:16,51.3813,1.3862,48.96,86,99,17.76
486,Prado,BR,2022-02-04 00:05:07,-17.3411,-39.2208,77.59,86,60,7.07
487,Sao Domingos Do Maranhao,BR,2022-02-04 00:06:01,-5.5758,-44.3853,75.61,84,92,1.41
488,Teguise,ES,2022-02-04 00:06:02,29.0605,-13.564,66.42,64,0,14.97
489,Bay Roberts,CA,2022-02-04 00:06:02,47.5999,-53.2648,38.03,82,100,11.01
490,Takhatgarh,IN,2022-02-04 00:06:03,25.3333,73.0,54.12,41,0,5.41
491,Zlobin,HR,2022-02-04 00:06:03,45.2924,14.6541,36.7,78,0,5.75
492,Maldonado,UY,2022-02-04 00:01:27,-34.6667,-54.9167,73.22,96,100,3.44
493,Aranos,NA,2022-02-04 00:06:04,-24.1333,19.1167,73.94,43,23,9.62
494,Manavalakurichi,IN,2022-02-04 00:06:04,8.1333,77.3,78.89,90,31,5.82
495,Dudinka,RU,2022-02-04 00:06:05,69.4058,86.1778,-21.91,100,91,3.96
496,Beni Mazar,EG,2022-02-04 00:04:08,28.4962,30.8029,51.69,50,12,11.83
497,Bud,US,2022-02-04 00:06:06,39.447,-86.1758,21.85,92,100,17.98
498,Hermanus,ZA,2022-02-04 00:21:01,-34.4187,19.2345,61.9,72,53,9.73
499,Henties Bay,NA,2022-02-04 00:21:02,-22.116,14.2845,67.86,88,1,7.99
500,Santa Cruz,BO,2022-02-04 00:21:02,-17.8,-63.1667,80.06,78,40,13.8
501,Tessalit,ML,2022-02-04 00:20:05,20.1986,1.0114,59.14,16,39,12.26
502,Saint George,US,2022-02-04 00:18:13,37.1041,-113.5841,48.67,22,0,0.0
503,Punta Arenas,CL,2022-02-04 00:21:03,-53.15,-70.9167,48.31,53,75,11.5
504,Khash,IR,2022-02-04 00:21:04,28.2211,61.2158,45.3,26,0,0.96
505,Natal,BR,2022-02-04 00:18:00,-5.795,-35.2094,82.62,78,40,12.66
506,Cape Town,ZA,2022-02-04 00:21:04,-33.9258,18.4232,64.27,66,20,1.99
507,Inhambane,MZ,2022-02-04 00:21:04,-23.865,35.3833,76.84,85,0,6.06
508,Port Alfred,ZA,2022-02-04 00:21:05,-33.5906,26.891,69.76,77,83,18.1
509,Guatire,VE,2022-02-04 00:21:05,10.4762,-66.5427,75.7,93,51,3.15
510,Andapa,MG,2022-02-04 00:21:06,-14.65,49.65,69.46,89,99,3.51
511,Hithadhoo,MV,2022-02-04 00:21:07,-0.6,73.0833,81.59,72,88,9.13
512,Bathsheba,BB,2022-02-04 00:18:15,13.2167,-59.5167,77.61,65,20,12.66
513,Moose Factory,CA,2022-02-04 00:21:07,51.2585,-80.6094,-11.22,58,0,5.75
514,Kavaratti,IN,2022-02-04 00:18:48,10.5669,72.642,79.34,65,4,8.37
515,Pisco,PE,2022-02-04 00:21:08,-13.7,-76.2167,70.02,78,0,20.71
516,Taoudenni,ML,2022-02-04 00:18:55,22.6783,-3.9836,64.26,20,65,11.43
517,Srivardhan,IN,2022-02-04 00:21:08,18.0333,73.0167,71.53,70,48,2.13
518,Narsaq,GL,2022-02-04 00:21:09,60.9167,-46.05,25.02,91,100,6.46
519,Lebu,CL,2022-02-04 00:21:09,-37.6167,-73.65,60.46,91,89,13.96
520,Longyearbyen,SJ,2022-02-04 00:21:10,78.2186,15.6401,15.64,67,40,2.3
521,Andenes,NO,2022-02-04 00:17:13,69.3143,16.1194,21.18,68,41,26.46
522,Stralsund,DE,2022-02-04 00:21:10,54.3091,13.0818,45.05,93,100,12.15
523,Arraial Do Cabo,BR,2022-02-04 00:17:47,-22.9661,-42.0278,75.16,94,75,5.75
524,Puerto Ayora,EC,2022-02-04 00:21:11,-0.7393,-90.3518,75.54,90,20,4.0
525,Luderitz,NA,2022-02-04 00:21:12,-26.6481,15.1594,68.18,69,3,15.66
526,Piro,IN,2022-02-04 00:21:12,25.3333,84.4167,57.83,82,34,14.23
527,Ushuaia,AR,2022-02-04 00:16:25,-54.8,-68.3,44.26,65,75,19.57
528,Thaba-Tseka,LS,2022-02-04 00:21:13,-29.522,28.6084,56.16,91,8,4.7
529,Bokoro,TD,2022-02-04 00:21:13,12.3807,17.0568,65.73,16,27,11.54
530,Ilulissat,GL,2022-02-04 00:21:14,69.2167,-51.1,19.42,49,100,23.02
531,Wageningen,NL,2022-02-04 00:21:14,51.9667,5.6667,46.11,93,100,10.36
532,Albany,US,2022-02-04 00:19:10,42.6001,-73.9662,40.75,92,100,5.01
533,Nizhnyaya Tavda,RU,2022-02-04 00:21:15,57.6731,66.1725,29.17,91,100,12.57
534,Kargat,RU,2022-02-04 00:21:15,55.1956,80.2811,2.64,97,39,7.85
535,Comodoro Rivadavia,AR,2022-02-04 00:19:20,-45.8667,-67.5,60.66,94,40,4.61
536,Kashi,CN,2022-02-04 00:21:16,39.4547,75.9797,22.21,45,40,6.71
537,Roald,NO,2022-02-04 00:21:16,62.5833,6.1333,41.05,93,100,28.77
538,Mahebourg,MU,2022-02-04 00:16:22,-20.4081,57.7,80.89,89,75,24.16
539,Iturama,BR,2022-02-04 00:21:17,-19.7281,-50.1956,73.13,87,97,4.14
540,Vila Velha,BR,2022-02-04 00:21:18,-20.3297,-40.2925,76.95,95,75,3.44
541,Busselton,AU,2022-02-04 00:21:18,-33.65,115.3333,85.05,36,54,13.0
542,Sibolga,ID,2022-02-04 00:21:02,1.7427,98.7792,73.96,87,61,3.51
543,East London,ZA,2022-02-04 00:21:19,-33.0153,27.9116,70.3,81,99,15.26
544,Qaanaaq,GL,2022-02-04 00:21:19,77.484,-69.3632,-13.52,58,100,7.76
545,Ambam,CM,2022-02-04 00:21:19,2.3833,11.2833,70.14,92,100,2.64
546,Carnarvon,AU,2022-02-04 00:22:20,-24.8667,113.6333,85.6,44,28,5.48
547,Upernavik,GL,2022-02-04 00:22:20,72.7868,-56.1549,2.93,67,100,4.99
548,Puerto Del Rosario,ES,2022-02-04 00:22:21,28.5004,-13.8627,69.48,55,79,4.61
549,Ancud,CL,2022-02-04 00:22:21,-41.8697,-73.8203,62.22,95,71,5.97
550,Nanortalik,GL,2022-02-04 00:22:22,60.1432,-45.2371,27.97,74,100,14.32
551,Viedma,AR,2022-02-04 00:22:22,-40.8135,-62.9967,72.84,44,0,8.77
552,Mega,ET,2022-02-04 00:22:22,4.05,38.3,64.44,44,97,15.01
553,Saint-Georges,GD,2022-02-04 00:22:23,12.0564,-61.7485,76.68,83,20,6.91
554,San Andres,CO,2022-02-04 00:22:23,12.5847,-81.7006,80.62,78,20,8.05
555,Dikson,RU,2022-02-04 00:22:24,73.5069,80.5464,-9.69,95,100,5.79
556,Sao Filipe,CV,2022-02-04 00:22:24,14.8961,-24.4956,74.14,72,0,7.25
557,Torbay,CA,2022-02-04 00:22:25,47.6666,-52.7314,36.57,85,100,21.85
558,Alekseyevka,RU,2022-02-04 00:20:08,50.6309,38.6903,27.72,97,100,6.6
559,Vilhena,BR,2022-02-04 00:22:25,-12.7406,-60.1458,69.91,99,100,2.64
560,Smolensk,RU,2022-02-04 00:22:26,55.0,33.0,8.49,99,84,5.5
561,Horadiz,AZ,2022-02-04 00:22:26,39.4488,47.3353,47.17,37,43,7.36
562,Stokmarknes,NO,2022-02-04 00:18:45,68.5646,14.9108,19.26,66,98,11.45
563,Khatanga,RU,2022-02-04 00:22:27,71.9667,102.5,-33.16,100,41,3.78
564,Skjervoy,NO,2022-02-04 00:22:27,70.0311,20.9714,19.8,74,13,29.26
565,Mar Del Plata,AR,2022-02-04 00:22:28,-38.0023,-57.5575,73.09,92,0,1.01
566,Ginda,IN,2022-02-04 00:22:28,30.6945,78.4932,34.77,93,100,3.51
567,Port Elizabeth,ZA,2022-02-04 00:22:29,-33.918,25.5701,68.29,68,0,12.66
568,Vila Franca Do Campo,PT,2022-02-04 00:22:30,37.7167,-25.4333,60.19,82,83,10.25
569,Novosergiyevka,RU,2022-02-04 00:22:30,52.0934,53.6528,27.16,92,100,11.1
570,Blagoyevo,RU,2022-02-04 00:21:12,63.3667,47.9167,7.21,98,98,2.06
571,Bubaque,GW,2022-02-04 00:22:31,11.2833,-15.8333,77.45,75,0,14.0
572,Jamestown,US,2022-02-04 00:22:32,42.097,-79.2353,25.09,69,100,11.01
573,Dhidhdhoo,MV,2022-02-04 00:22:32,6.8833,73.1,80.55,71,19,9.44
574,Caraquet,CA,2022-02-04 00:21:13,47.7941,-64.9386,23.54,73,100,13.44
575,Touros,BR,2022-02-04 00:20:10,-5.1989,-35.4608,81.5,75,73,12.88
576,Meybod,IR,2022-02-04 00:22:33,32.2501,54.0166,41.02,26,1,6.78
577,Saint-Philippe,RE,2022-02-04 00:22:33,-21.3585,55.7679,78.35,94,100,35.16
578,Salcuta,RO,2022-02-04 00:22:34,44.25,23.4333,27.99,78,14,5.48
579,Bredasdorp,ZA,2022-02-04 00:22:34,-34.5322,20.0403,61.92,67,30,4.61
580,Atengo,MX,2022-02-04 00:22:35,20.1667,-99.3333,72.95,22,30,10.0
581,Lakki Marwat,PK,2022-02-04 00:22:35,32.6079,70.9114,49.93,68,0,1.5
582,Acari,PE,2022-02-04 00:22:35,-15.4311,-74.6158,74.17,70,27,6.31
583,Olinda,BR,2022-02-04 00:22:36,-8.0089,-34.8553,82.13,69,40,8.05
584,Wukari,NG,2022-02-04 00:22:36,7.85,9.7833,73.15,16,34,5.77
585,Yumen,CN,2022-02-04 00:18:49,40.2833,97.2,13.37,39,57,9.04
586,Aswan,EG,2022-02-04 00:22:37,24.0934,32.907,54.34,31,0,7.63
587,Faya,SA,2022-02-04 00:18:17,18.3851,42.4509,54.12,66,35,4.41
588,Guane,CU,2022-02-04 00:22:38,22.2025,-84.0875,75.2,79,16,8.81
589,Caravelas,BR,2022-02-04 00:23:38,-17.7125,-39.2481,76.98,87,67,5.37
590,Castro,BR,2022-02-04 00:23:39,-24.7911,-50.0119,65.66,97,77,5.08
591,Salaya,IN,2022-02-04 00:23:39,22.3167,69.6,64.9,60,3,6.49
592,Laguna,US,2022-02-04 00:23:39,38.421,-121.4238,62.91,48,0,1.01
593,Kokkola,FI,2022-02-04 00:23:40,63.8385,23.1307,5.94,91,100,1.01
594,Buraydah,SA,2022-02-04 00:23:40,26.326,43.975,64.85,44,0,12.08
595,Kruisfontein,ZA,2022-02-04 00:23:41,-34.0033,24.7314,64.89,80,57,11.54
596,Bulungu,CD,2022-02-04 00:23:41,-4.55,18.6,67.15,98,99,2.3
597,Ponta Delgada,PT,2022-02-04 00:19:21,37.7333,-25.6667,61.5,77,20,16.11
598,Savannah Bight,HN,2022-02-04 00:23:42,16.45,-85.85,82.45,82,5,27.76
599,Lodwar,KE,2022-02-04 00:23:42,3.1191,35.5973,84.52,39,81,5.66
600,Talnakh,RU,2022-02-04 00:23:42,69.4865,88.3972,-13.58,99,91,7.14
601,Beruwala,LK,2022-02-04 00:23:43,6.4788,79.9828,72.07,87,2,3.71
602,Karmala,IN,2022-02-04 00:23:43,18.4167,75.2,61.92,65,13,10.67
603,Karasjok,NO,2022-02-04 00:23:44,69.4719,25.5112,3.31,99,100,3.4
604,Shakhovskaya,RU,2022-02-04 00:23:44,56.0283,35.5097,14.25,97,98,3.29
605,Goba,ET,2022-02-04 00:23:45,7.0167,39.9833,46.29,47,57,5.12
606,Padang,ID,2022-02-04 00:23:45,-0.9492,100.3543,75.25,87,82,4.05
607,Algiers,DZ,2022-02-04 00:23:46,36.7525,3.042,49.82,76,0,6.91
608,Chuy,UY,2022-02-04 00:23:46,-33.6971,-53.4616,74.59,90,97,7.45
609,Turbat,PK,2022-02-04 00:23:47,26.0023,63.044,60.3,16,0,6.73
610,Akyab,MM,2022-02-04 00:23:47,20.15,92.9,62.1,70,1,6.42
611,Larsnes,NO,2022-02-04 00:23:47,62.2028,5.5773,38.68,93,100,20.51
612,Salalah,OM,2022-02-04 00:23:48,17.0151,54.0924,69.89,78,0,3.44
613,West Bay,KY,2022-02-04 00:23:48,19.3667,-81.4167,80.67,84,20,1.01
614,Husavik,IS,2022-02-04 00:23:49,66.0449,-17.3389,26.51,83,99,19.86
615,Victoria,HK,2022-02-04 00:19:17,22.2855,114.1577,58.95,82,93,1.01
616,Huarmey,PE,2022-02-04 00:23:50,-10.0681,-78.1522,72.81,77,25,9.1
617,Namibe,AO,2022-02-04 00:23:50,-15.1961,12.1522,72.1,76,2,7.02
618,Sao Gabriel Da Cachoeira,BR,2022-02-04 00:23:50,-0.1303,-67.0892,75.0,96,98,2.08
619,Georgetown,MY,2022-02-04 00:22:10,5.4112,100.3354,79.9,86,20,4.61
620,Santa Cruz Cabralia,BR,2022-02-04 00:23:51,-16.2781,-39.0247,80.83,78,20,10.36
621,Vestmannaeyjar,IS,2022-02-04 00:23:51,63.4427,-20.2734,25.68,67,6,31.85
622,Cidreira,BR,2022-02-04 00:23:52,-30.1811,-50.2056,76.03,87,24,22.03
623,Svinninge,DK,2022-02-04 00:23:52,55.7211,11.4655,43.14,100,100,13.24
624,Dingle,PH,2022-02-04 00:23:24,10.9995,122.6711,78.28,84,92,10.45
625,Portadown,GB,2022-02-04 00:23:53,54.4241,-6.4412,40.98,79,100,11.88
626,Ribeira Grande,PT,2022-02-04 00:22:24,38.5167,-28.7,58.8,74,100,17.43
627,Oskemen,KZ,2022-02-04 00:23:53,49.9565,82.6119,-16.08,75,100,2.24
628,Storm Lake,US,2022-02-04 00:23:54,42.6411,-95.2097,6.35,60,0,4.61
629,Sisimiut,GL,2022-02-04 00:23:54,66.9395,-53.6735,13.69,79,99,36.53
630,Pasighat,IN,2022-02-04 00:23:55,28.0667,95.3333,52.77,66,88,3.85
631,Puerto Madryn,AR,2022-02-04 00:23:55,-42.7692,-65.0385,73.99,46,75,2.62
632,Chrudim,CZ,2022-02-04 00:23:56,49.9511,15.7956,39.99,87,75,4.61
633,Teguldet,RU,2022-02-04 00:21:16,57.3064,88.1667,13.05,95,100,7.31
634,Mbutuy,PY,2022-02-04 00:23:56,-24.9667,-56.3,74.08,95,50,6.08
635,Mizdah,LY,2022-02-04 00:24:57,31.4451,12.9801,44.55,90,0,4.05
636,Magaria,NE,2022-02-04 00:24:57,12.9983,8.9099,59.31,19,0,13.47
637,Clyde River,CA,2022-02-04 00:24:58,70.4692,-68.5914,-7.37,77,100,34.52
638,Hvolsvollur,IS,2022-02-04 00:24:58,63.7533,-20.2243,22.8,76,35,9.71
639,Camacha,PT,2022-02-04 00:24:59,33.0833,-16.3333,63.54,94,20,8.05
640,Vila Do Maio,CV,2022-02-04 00:24:59,15.1333,-23.2167,72.39,80,0,14.47
641,Stanghelle,NO,2022-02-04 00:25:00,60.5528,5.7357,39.38,92,100,7.25
642,Gamba,GA,2022-02-04 00:25:00,-2.65,10.0,74.23,89,96,1.28
643,The Valley,AI,2022-02-04 00:25:01,18.217,-63.0578,76.86,83,20,4.61
644,Lodja,CD,2022-02-04 00:21:01,-3.4833,23.4333,68.43,91,100,2.51
645,Ostrovnoy,RU,2022-02-04 00:25:01,68.0531,39.5131,14.49,92,100,3.67
646,Beyneu,KZ,2022-02-04 00:25:02,45.3167,55.2,35.6,69,70,21.85
647,Ugep,NG,2022-02-04 00:25:02,5.8086,8.0812,78.01,74,85,4.16
648,Umm Lajj,SA,2022-02-04 00:25:03,25.0213,37.2685,70.03,55,0,15.7
649,Lagoa,PT,2022-02-04 00:25:03,39.05,-27.9833,57.78,73,100,14.05
650,Abu Samrah,SY,2022-02-04 00:25:03,35.3029,37.1841,45.39,75,30,7.25
651,Gobabis,NA,2022-02-04 00:25:04,-22.45,18.9667,72.63,40,79,11.68
652,Klaksvik,FO,2022-02-04 00:25:05,62.2266,-6.589,34.72,61,51,41.79
653,Bijapur,IN,2022-02-04 00:25:05,16.8333,75.7,61.95,58,7,9.26
654,Kalat,PK,2022-02-04 00:25:06,29.0225,66.5916,32.27,28,0,2.3
655,Sabang,ID,2022-02-04 00:25:06,5.8933,95.3214,82.09,70,54,12.12
656,Maraba,BR,2022-02-04 00:25:06,-5.3686,-49.1178,73.76,97,96,0.85
657,Santiago Del Estero,AR,2022-02-04 00:23:21,-27.7951,-64.2615,80.82,63,63,6.04
658,Port Blair,IN,2022-02-04 00:25:07,11.6667,92.75,71.64,94,40,0.0
659,Sioux Lookout,CA,2022-02-04 00:20:16,50.1001,-91.917,-5.42,84,40,0.0
660,Tocopilla,CL,2022-02-04 00:25:08,-22.092,-70.1979,70.07,75,19,12.44
661,Tabuk,PH,2022-02-04 00:23:48,17.4189,121.4443,71.38,88,15,2.46
662,Asosa,ET,2022-02-04 00:25:08,10.0667,34.5333,69.75,25,60,6.55
663,Mopti,ML,2022-02-04 00:25:09,14.6667,-4.0,66.24,42,0,2.3
664,Vizianagaram,IN,2022-02-04 00:25:09,18.1167,83.4167,67.51,89,20,4.68
665,Yellowknife,CA,2022-02-04 00:25:10,62.456,-114.3525,-24.45,76,0,3.44
666,Pedernales,DO,2022-02-04 00:25:11,18.0384,-71.744,76.93,72,71,5.32
667,Jurado,CO,2022-02-04 00:25:12,7.1053,-77.7641,77.34,89,60,0.58
668,Katima Mulilo,NA,2022-02-04 00:25:13,-17.5,24.2667,66.15,91,64,3.31
669,Nadrag,RO,2022-02-04 00:25:13,45.65,22.1833,24.89,84,55,3.71
670,Praia Da Vitoria,PT,2022-02-04 00:25:14,38.7333,-27.0667,57.45,94,20,13.47
671,Lucea,JM,2022-02-04 00:25:14,18.451,-78.1736,75.85,78,11,10.04
672,Kungurtug,RU,2022-02-04 00:25:16,50.5994,97.5228,-15.77,99,99,1.1
673,Korla,CN,2022-02-04 00:25:16,41.7597,86.1469,24.62,47,100,6.58
674,Japura,ID,2022-02-04 00:25:17,-0.3167,102.35,72.79,97,72,1.41
675,Bozova,TR,2022-02-04 00:25:17,37.3625,38.5267,41.92,95,100,14.36
676,Ponta Do Sol,PT,2022-02-04 00:25:18,32.6667,-17.1,67.01,77,56,5.39
677,Leh,IN,2022-02-04 00:25:18,34.1667,77.5833,5.86,96,100,1.97
678,Zverinogolovskoye,RU,2022-02-04 00:23:58,54.4586,64.8542,21.02,82,100,15.97
679,Thompson,CA,2022-02-04 00:25:19,55.7435,-97.8558,-16.44,69,0,8.05
680,Jumla,NP,2022-02-04 00:21:22,29.2747,82.1838,34.52,98,100,5.3
681,Edd,ER,2022-02-04 00:25:20,13.9297,41.6925,82.15,33,88,15.88
682,La Rioja,ES,2022-02-04 00:21:14,42.25,-2.5,47.05,65,99,3.47
683,Iqaluit,CA,2022-02-04 00:22:22,63.7506,-68.5145,-9.67,64,75,8.05
684,Mendi,PG,2022-02-04 00:26:22,-6.1761,143.6513,69.13,58,86,2.26
685,Coihaique,CL,2022-02-04 00:26:22,-45.5752,-72.0662,62.55,63,75,9.22
686,Saldanha,ZA,2022-02-04 00:26:23,-33.0117,17.9442,59.05,80,2,19.24
687,Saint-Junien,FR,2022-02-04 00:26:23,45.8833,0.9,41.94,95,71,2.66
688,Oneonta,US,2022-02-04 00:26:23,42.4529,-75.0638,37.8,96,100,4.85
689,Black River,JM,2022-02-04 00:26:24,18.0264,-77.8487,75.97,79,18,3.02
690,Rawson,AR,2022-02-04 00:26:24,-43.3002,-65.1023,68.74,58,63,13.33
691,Strezhevoy,RU,2022-02-04 00:26:25,60.7333,77.5889,21.18,92,100,12.03
692,Rorvik,NO,2022-02-04 00:26:25,64.8621,11.2373,27.93,80,100,41.05
693,Antsohihy,MG,2022-02-04 00:26:26,-14.8796,47.9875,72.79,98,100,3.65
694,Richards Bay,ZA,2022-02-04 00:26:26,-28.783,32.0377,77.29,92,72,6.44
695,Chicama,PE,2022-02-04 00:26:26,-7.8447,-79.1469,66.74,68,55,8.23
696,Svetlogorsk,BY,2022-02-04 00:26:27,52.6333,29.7333,9.39,98,89,5.79
697,Souillac,MU,2022-02-04 00:26:27,-20.5167,57.5167,80.98,89,75,24.16
698,Hearst,CA,2022-02-04 00:26:28,49.6835,-83.6665,-16.35,96,66,2.44
699,Rincon,US,2022-02-04 00:24:32,32.296,-81.2354,70.25,84,0,8.05
700,Matagami,CA,2022-02-04 00:26:28,49.7502,-77.6328,-20.09,76,0,0.0
701,Ambilobe,MG,2022-02-04 00:26:29,-13.2,49.05,75.76,92,100,6.42
702,Matay,EG,2022-02-04 00:26:29,28.419,30.7792,51.46,50,12,11.45
703,Brigantine,US,2022-02-04 00:26:30,39.4101,-74.3646,50.32,95,75,9.22
704,Cockburn Town,TC,2022-02-04 00:24:50,21.4612,-71.1419,75.67,71,26,22.19
705,Atar,MR,2022-02-04 00:26:31,20.5169,-13.0499,69.44,13,0,7.9
706,San Cristobal,VE,2022-02-04 00:26:31,7.7669,-72.225,75.38,62,79,1.81
707,Boyuibe,BO,2022-02-04 00:26:32,-20.4167,-63.2833,77.92,59,50,6.26
708,Teya,RU,2022-02-04 00:26:32,60.3778,92.6267,10.9,93,99,6.62
709,Matam,SN,2022-02-04 00:26:32,15.6175,-13.3303,69.8,28,0,2.3
710,Arroyo,ES,2022-02-04 00:26:33,41.6096,-4.7969,43.59,69,0,5.75
711,Celestun,MX,2022-02-04 00:26:33,20.8667,-90.4,80.28,69,0,8.46
712,Carbonia,IT,2022-02-04 00:26:34,39.1672,8.5222,46.0,78,40,2.73
713,Krasnovishersk,RU,2022-02-04 00:26:34,60.4078,57.082,-2.02,100,100,1.03
714,Kushmurun,KZ,2022-02-04 00:26:34,52.4503,64.6311,14.09,84,100,14.12
715,Malartic,CA,2022-02-04 00:26:35,48.1335,-78.1328,-7.78,94,94,4.16
716,Necochea,AR,2022-02-04 00:26:23,-38.5473,-58.7368,67.03,89,97,8.23
717,Hamilton,US,2022-02-04 00:24:39,39.1834,-84.5333,26.42,91,100,4.0
718,Havre-Saint-Pierre,CA,2022-02-04 00:26:36,50.2334,-63.5986,14.59,73,100,13.8
719,Adamovka,RU,2022-02-04 00:26:36,51.5223,59.9396,18.9,84,100,10.76
720,San Carlos De Bariloche,AR,2022-02-04 00:25:14,-41.1456,-71.3082,65.95,45,40,12.66
721,Mpanda,TZ,2022-02-04 00:26:37,-6.3655,31.0409,65.39,98,100,4.56
722,Sur,OM,2022-02-04 00:26:37,22.5667,59.5289,67.84,49,0,4.7
723,Codajas,BR,2022-02-04 00:26:37,-3.8367,-62.0569,73.81,98,86,2.06
724,Araouane,ML,2022-02-04 00:26:38,18.9048,-3.5265,65.46,11,0,9.89
725,Taltal,CL,2022-02-04 00:26:38,-25.4,-70.4833,68.49,69,11,5.37
726,Hofn,IS,2022-02-04 00:26:39,64.2539,-15.2082,27.86,59,72,24.7
727,Sept-Iles,CA,2022-02-04 00:21:44,50.2001,-66.3821,8.06,57,75,8.99
728,Rafaela,AR,2022-02-04 00:27:39,-31.2503,-61.4867,79.99,69,17,4.74
729,Kortkeros,RU,2022-02-04 00:27:40,61.8106,51.5806,15.8,99,96,4.25
730,Mao,ES,2022-02-04 00:27:40,39.8885,4.2658,48.76,100,40,4.61
731,Zemio,CF,2022-02-04 00:27:41,5.0314,25.1361,76.77,30,100,2.75
732,Danielskuil,ZA,2022-02-04 00:27:41,-28.1887,23.5395,61.92,74,0,5.1
733,Mae Sai,TH,2022-02-04 00:27:41,20.4335,99.8762,54.9,57,0,2.53
734,Lalibela,ET,2022-02-04 00:27:42,12.0333,39.0333,58.32,48,81,2.44
735,Fort Frances,CA,2022-02-04 00:27:42,48.5999,-93.4003,-5.94,64,0,1.99
736,Male,MV,2022-02-04 00:27:43,4.1748,73.5089,80.85,69,39,3.06
737,Emba,KZ,2022-02-04 00:27:35,48.8264,58.1442,20.77,78,100,11.3
738,Madingou,CG,2022-02-04 00:27:43,-4.1536,13.55,71.42,98,99,2.21
739,Pangnirtung,CA,2022-02-04 00:26:18,66.1451,-65.7125,-12.15,99,100,5.53
740,Turochak,RU,2022-02-04 00:27:44,52.2576,87.1224,-6.47,99,60,2.98
741,Peniche,PT,2022-02-04 00:27:44,39.3558,-9.3811,55.62,84,100,2.06
742,Tashtyp,RU,2022-02-04 00:27:45,52.7939,89.8983,-5.4,99,50,2.66
743,Koulikoro,ML,2022-02-04 00:27:45,14.0,-7.75,66.22,15,0,7.25
744,Veracruz,MX,2022-02-04 00:27:46,19.3333,-96.6667,67.87,75,2,3.0
745,Tasiilaq,GL,2022-02-04 00:27:46,65.6145,-37.6368,10.56,61,100,7.23
746,Gat,IL,2022-02-04 00:27:46,31.61,34.7642,54.81,100,6,10.31
747,Boa Vista,BR,2022-02-04 00:27:47,2.8197,-60.6733,84.18,54,0,6.91
748,Acarau,BR,2022-02-04 00:27:47,-2.8856,-40.12,79.99,80,59,14.25
749,Bousso,TD,2022-02-04 00:27:48,10.4795,16.7117,70.97,12,38,9.17
750,Sistranda,NO,2022-02-04 00:27:48,63.7256,8.834,37.36,69,100,16.26
751,Indiaroba,BR,2022-02-04 00:27:49,-11.5192,-37.5117,77.49,81,54,4.41
752,Vardo,NO,2022-02-04 00:23:31,70.3705,31.1107,26.76,65,100,15.23
753,Manaure,CO,2022-02-04 00:25:13,11.7751,-72.4445,80.71,71,0,21.54
754,Lubango,AO,2022-02-04 00:27:50,-14.9172,13.4925,60.64,56,33,0.76
755,Bambous Virieux,MU,2022-02-04 00:27:50,-20.3428,57.7575,80.85,89,75,24.16
756,Cap Malheureux,MU,2022-02-04 00:27:37,-19.9842,57.6142,81.09,84,100,13.0
757,Maceio,BR,2022-02-04 00:27:51,-9.6658,-35.7353,78.24,83,0,3.44
758,Lima,PE,2022-02-04 00:25:11,-12.0432,-77.0282,71.91,74,0,1.99
759,Crossville,US,2022-02-04 00:27:51,35.949,-85.0269,58.51,96,100,1.99
760,Pitimbu,BR,2022-02-04 00:27:52,-7.4706,-34.8086,82.99,77,68,12.88
761,Batavia,US,2022-02-04 00:25:18,41.85,-88.3126,24.91,77,100,7.0
762,Visby,SE,2022-02-04 00:27:52,57.6409,18.296,36.05,93,100,11.5
763,Tselinnoye,RU,2022-02-04 00:27:53,53.0833,85.6667,-4.79,100,100,1.74
764,Opuwo,NA,2022-02-04 00:27:53,-18.0607,13.84,65.03,55,6,4.03
765,Ati,TD,2022-02-04 00:27:54,13.2154,18.3353,64.08,15,13,12.77
766,Nosy Varika,MG,2022-02-04 00:27:54,-20.5833,48.5333,74.26,95,100,12.08
767,Dolores,AR,2022-02-04 00:27:54,-36.3132,-57.6792,66.76,88,63,4.38
768,Moron,AR,2022-02-04 00:27:55,-34.6534,-58.6198,73.98,69,74,4.36
769,Port Said,EG,2022-02-04 00:27:56,31.2565,32.2841,55.98,59,24,26.49
770,Melchor De Mencos,GT,2022-02-04 00:27:56,17.0686,-89.1522,78.62,67,15,5.79
771,Raudeberg,NO,2022-02-04 00:27:56,61.9875,5.1352,38.98,94,100,8.99
772,Codrington,AU,2022-02-04 00:27:57,-38.2667,141.9667,65.82,60,88,14.45
773,Saiha,IN,2022-02-04 00:27:57,22.4833,92.9667,50.34,71,1,4.36
774,Spodnja Idrija,SI,2022-02-04 00:28:58,46.0319,14.0272,42.93,82,100,4.7
775,Nantucket,US,2022-02-04 00:28:58,41.2835,-70.0995,48.31,93,100,11.5
776,Chirongui,YT,2022-02-04 00:28:59,-12.9319,45.1483,82.33,77,100,10.78
777,Hobyo,SO,2022-02-04 00:28:59,5.3505,48.5268,75.27,76,47,16.49
778,Sorland,NO,2022-02-04 00:27:59,67.667,12.6934,26.44,68,100,37.51
779,Mitsamiouli,KM,2022-02-04 00:29:00,-11.3847,43.2844,82.09,76,99,9.86
780,Meulaboh,ID,2022-02-04 00:29:01,4.1363,96.1285,74.84,88,93,4.05
781,Benguela,AO,2022-02-04 00:28:53,-12.5763,13.4055,74.64,74,75,1.54
782,Nacala,MZ,2022-02-04 00:29:02,-14.5428,40.6728,76.64,87,74,3.44
783,Geraldton,AU,2022-02-04 00:25:01,-28.7667,114.6,93.61,13,0,16.11
784,Skibbereen,IE,2022-02-04 00:29:03,51.55,-9.2667,43.11,88,100,12.08
785,Baykit,RU,2022-02-04 00:29:03,61.67,96.37,15.44,96,100,4.21
786,Ardakan,IR,2022-02-04 00:29:03,32.31,54.0175,41.38,27,1,6.04
787,Hauterive,FR,2022-02-04 00:29:04,46.0901,3.4459,41.76,92,18,1.16
788,Tevriz,RU,2022-02-04 00:29:05,57.509,72.4042,22.68,93,100,13.11
789,Baixa Grande,BR,2022-02-04 00:29:05,-11.9597,-40.1681,77.58,68,77,8.34
790,Olafsvik,IS,2022-02-04 00:29:05,64.8945,-23.7142,27.34,70,95,30.87
791,Rairangpur,IN,2022-02-04 00:29:06,22.2676,86.1751,64.85,91,2,4.05
792,Chapais,CA,2022-02-04 00:29:06,49.7834,-74.8492,-18.62,98,94,2.53
793,Ilo,PE,2022-02-04 00:29:07,-17.6394,-71.3375,69.28,80,99,3.53
794,Plettenberg Bay,ZA,2022-02-04 00:28:02,-34.0527,23.3716,64.31,81,99,7.31
795,Skagen,DK,2022-02-04 00:29:07,57.7209,10.5839,43.09,93,99,17.6
796,Masalli,KR,2022-02-04 00:29:08,34.7959,126.6553,28.08,53,28,7.23
797,Cayenne,GF,2022-02-04 00:29:08,4.9333,-52.3333,79.09,88,100,3.0
798,Walvis Bay,NA,2022-02-04 00:29:08,-22.9575,14.5053,68.09,81,0,11.21
799,Harfleur,FR,2022-02-04 00:29:09,49.5066,0.1983,47.61,90,100,11.5
800,Balcauti,RO,2022-02-04 00:29:09,47.8915,26.0728,30.67,82,22,4.21
801,Augusta,DE,2022-02-04 00:29:10,48.3667,10.8833,43.61,92,100,1.14
802,Santa Maria Do Suacui,BR,2022-02-04 00:29:10,-18.1903,-42.4142,70.74,95,87,1.99
803,Pyu,MM,2022-02-04 00:29:11,18.4833,96.4333,55.15,55,32,4.63
804,Mingoyo,TZ,2022-02-04 00:29:11,-10.1,39.6333,73.62,98,67,3.13
805,Marawi,PH,2022-02-04 00:29:11,7.9986,124.2928,68.65,87,99,2.19
806,Hambantota,LK,2022-02-04 00:29:12,6.1241,81.1185,71.94,100,20,1.14
807,Barranca,PE,2022-02-04 00:29:13,-10.75,-77.7667,72.0,76,44,8.61
808,La Belgica,BO,2022-02-04 00:29:13,-17.55,-63.2167,80.89,78,40,13.8
809,Llanes,ES,2022-02-04 00:29:13,43.4198,-4.7549,50.27,78,100,3.98
810,Riyadh,SA,2022-02-04 00:27:13,24.6877,46.7219,62.74,36,0,8.79
811,Ambatondrazaka,MG,2022-02-04 00:29:15,-17.8333,48.4167,64.17,94,100,3.44
812,Itambe,BR,2022-02-04 00:29:16,-15.245,-40.6244,71.38,76,94,2.04
813,Salinopolis,BR,2022-02-04 00:28:04,-0.6136,-47.3561,78.91,82,93,11.1
814,Mbanza-Ngungu,CD,2022-02-04 00:29:16,-5.25,14.8667,67.68,95,100,2.91
815,Novichikha,RU,2022-02-04 00:29:17,52.204,81.3877,-5.04,100,98,4.94
816,Disna,BY,2022-02-04 00:29:17,55.568,28.1971,4.84,100,84,3.09
817,Kalka,IN,2022-02-04 00:29:17,30.8344,76.9333,47.17,93,100,2.93
818,Houma,US,2022-02-04 00:28:02,29.5958,-90.7195,51.8,90,100,13.8
819,Calvinia,ZA,2022-02-04 00:30:18,-31.4707,19.776,62.78,66,0,3.89
820,Kokino,RU,2022-02-04 00:30:19,52.4964,34.7808,18.39,97,88,6.76
821,Saint-Augustin,CA,2022-02-04 00:30:19,51.226,-58.6502,12.04,69,100,18.39
822,Coromandel,BR,2022-02-04 00:30:20,-18.4733,-47.2003,67.8,90,100,2.19
823,Shelburne,CA,2022-02-04 00:30:20,44.0787,-80.2041,12.18,86,100,12.12
824,Bengkulu,ID,2022-02-04 00:26:12,-3.8004,102.2655,75.96,88,100,2.33
825,Sumbe,AO,2022-02-04 00:30:21,-11.2061,13.8437,74.64,80,100,3.87
826,Sinnamary,GF,2022-02-04 00:30:21,5.3833,-52.95,76.5,89,100,9.95
827,San Juan,AR,2022-02-04 00:26:41,-31.5375,-68.5364,84.27,31,20,7.61
828,Lincoln,US,2022-02-04 00:25:45,40.8,-96.667,17.04,36,0,1.01
829,Fomboni,KM,2022-02-04 00:30:22,-12.28,43.7425,82.94,75,100,13.8
830,Usinsk,RU,2022-02-04 00:30:22,65.9939,57.5281,15.49,96,100,7.92
831,Mehamn,NO,2022-02-04 00:30:23,71.0357,27.8492,20.39,81,97,13.06
832,Labuhan,ID,2022-02-04 00:30:23,-6.8844,112.2051,79.77,81,89,5.64
833,Paamiut,GL,2022-02-04 00:30:24,61.994,-49.6678,19.15,96,100,5.84
834,Raga,SS,2022-02-04 00:30:24,8.4596,25.678,73.49,21,100,3.85
835,Macamic,CA,2022-02-04 00:30:25,48.7502,-78.9996,-7.37,99,100,2.06
836,Tiznit,MA,2022-02-04 00:30:25,29.5833,-9.5,63.0,26,30,7.31
837,Matara,LK,2022-02-04 00:30:25,5.9485,80.5353,71.64,89,6,4.07
838,Dovolnoye,RU,2022-02-04 00:30:26,54.4958,79.6671,3.7,97,31,8.41
839,Pangoa,PE,2022-02-04 00:30:26,-12.1167,-73.0,68.85,99,99,0.31
840,Esik,KZ,2022-02-04 00:30:27,43.3552,77.4525,17.02,67,36,6.55
841,Hami,CN,2022-02-04 00:30:27,42.8,93.45,21.33,37,12,3.94
842,Chulumani,BO,2022-02-04 00:30:27,-16.4096,-67.5263,64.74,98,100,1.34
843,Bilma,NE,2022-02-04 00:30:28,18.6853,12.9164,54.05,27,0,14.52
844,Muravlenko,RU,2022-02-04 00:29:02,63.7898,74.523,15.33,96,100,7.45
845,Corum,TR,2022-02-04 00:30:28,40.5,34.75,30.7,99,100,3.31
846,Strelka,RU,2022-02-04 00:30:29,58.0728,93.0344,13.17,94,100,6.29
847,Mangaratiba,BR,2022-02-04 00:30:29,-22.9597,-44.0406,78.03,92,100,1.83
848,Pangody,RU,2022-02-04 00:30:30,65.85,74.4859,4.91,97,97,6.04
849,Along,IN,2022-02-04 00:30:30,28.1667,94.7667,46.96,90,58,2.17
850,Navrongo,GH,2022-02-04 00:30:30,10.8956,-1.0921,72.55,11,0,6.85
851,Takab,IR,2022-02-04 00:30:32,36.4009,47.1133,24.71,67,57,2.1
852,Methoni,GR,2022-02-04 00:30:32,36.8197,21.7049,46.22,56,1,6.06
853,Chute-Aux-Outardes,CA,2022-02-04 00:30:33,49.1168,-68.399,10.71,61,40,5.75
854,Filimonovo,RU,2022-02-04 00:30:33,56.2011,95.4611,-0.29,93,100,5.17
855,Finnsnes,NO,2022-02-04 00:30:33,69.2296,17.9811,19.36,92,100,9.98
856,Rio Grande,BR,2022-02-04 00:30:34,-32.035,-52.0986,76.95,85,100,11.97
857,Kabo,CF,2022-02-04 00:30:34,7.6994,18.629,73.31,16,12,7.99
858,Ugoofaaru,MV,2022-02-04 00:30:35,5.6667,73.0,80.58,74,66,9.48
859,Muscatine,US,2022-02-04 00:30:35,41.4667,-91.1335,15.39,50,0,3.0
860,Sao Joao Da Barra,BR,2022-02-04 00:30:36,-21.6403,-41.0511,74.12,95,100,6.64
861,Westport,US,2022-02-04 00:30:36,41.1415,-73.3579,47.75,96,100,3.0
862,Floro,NO,2022-02-04 00:30:37,61.5996,5.0328,39.16,93,100,18.41
863,Verkhnyaya Inta,RU,2022-02-04 00:30:37,65.9811,60.3094,15.46,96,100,4.38
864,Tarabuco,BO,2022-02-04 00:30:38,-19.1667,-64.9167,52.72,77,72,3.51
865,Quimperle,FR,2022-02-04 00:30:38,47.8667,-3.55,51.75,91,100,8.05
866,Sakakah,SA,2022-02-04 00:31:40,29.9697,40.2064,56.77,48,0,15.21
867,Sancti Spiritus,CU,2022-02-04 00:31:40,21.9297,-79.4425,73.42,80,15,11.56
868,Goderich,CA,2022-02-04 00:30:16,43.7501,-81.7165,15.91,73,100,11.5
869,Hualmay,PE,2022-02-04 00:31:41,-11.0964,-77.6139,71.26,79,66,9.15
870,Kolokani,ML,2022-02-04 00:31:42,13.5728,-8.0339,65.77,15,0,8.03
871,Bonthe,SL,2022-02-04 00:31:43,7.5264,-12.505,76.37,88,2,2.42
872,Riedlingen,DE,2022-02-04 00:31:43,48.1545,9.4756,41.32,93,24,1.01
873,Bhitarwar,IN,2022-02-04 00:31:44,25.8,78.1167,51.94,68,0,5.73
874,Americus,US,2022-02-04 00:27:13,32.0724,-84.2327,73.53,64,100,10.36
875,Chibuto,MZ,2022-02-04 00:30:08,-24.6867,33.5306,74.14,82,0,5.1
876,Belmonte,BR,2022-02-04 00:31:45,-15.8631,-38.8828,81.1,81,84,7.2
877,Dwarka,IN,2022-02-04 00:31:45,22.2394,68.9678,67.35,48,5,6.51
878,Caraballeda,VE,2022-02-04 00:31:46,10.6112,-66.8522,78.87,78,40,5.75
879,Omboue,GA,2022-02-04 00:31:46,-1.5746,9.2618,76.19,86,100,3.11
880,Altay,CN,2022-02-04 00:31:46,47.8667,88.1167,3.51,61,7,7.4
881,Ribeira Brava,PT,2022-02-04 00:31:47,32.65,-17.0667,67.01,80,45,3.87
882,Matamoros,MX,2022-02-04 00:30:31,25.5333,-103.25,73.51,25,20,11.5
883,Tahoua,NE,2022-02-04 00:31:47,14.8888,5.2692,59.94,17,0,16.51
884,Diamantino,BR,2022-02-04 00:31:23,-14.4086,-56.4461,72.82,93,37,3.49
885,Uch,FR,2022-02-04 00:31:48,45.3192,-0.9345,47.55,85,100,5.17
886,Chimore,BO,2022-02-04 00:31:48,-16.9833,-65.1333,72.95,97,100,1.43
887,Senekal,ZA,2022-02-04 00:31:49,-28.3197,27.6208,64.38,81,7,4.97
888,Bhindar,IN,2022-02-04 00:31:49,24.5,74.1833,49.57,47,0,1.1
889,Naifaru,MV,2022-02-04 00:31:50,5.4444,73.3657,80.91,71,93,5.73
890,Andros,GR,2022-02-04 00:31:50,37.8333,24.9333,50.56,50,36,38.86
891,Berlevag,NO,2022-02-04 00:30:18,70.8578,29.0864,22.73,79,100,15.03
892,Kharitonovo,RU,2022-02-04 00:31:51,61.4009,47.4978,2.93,100,93,3.0
893,Uige,AO,2022-02-04 00:31:51,-7.6087,15.0613,65.48,95,100,1.16
894,Quechultenango,MX,2022-02-04 00:31:52,17.4167,-99.2167,68.27,65,0,4.54
895,Bolotnoye,RU,2022-02-04 00:31:52,55.6717,84.3981,1.22,98,97,7.25
896,Mutare,ZW,2022-02-04 00:31:52,-18.9707,32.6709,65.26,89,88,1.77
897,Jalu,LY,2022-02-04 00:31:53,29.0331,21.5482,50.92,57,6,13.11
898,Axim,GH,2022-02-04 00:31:53,4.8699,-2.2405,78.82,85,0,5.99
899,Liverpool,GB,2022-02-04 00:29:28,53.4106,-2.9779,51.15,92,75,3.0
900,Ofaqim,IL,2022-02-04 00:31:54,31.3141,34.6203,54.73,64,4,13.31
901,Podor,MR,2022-02-04 00:31:54,16.6527,-14.9587,73.35,31,0,2.3
902,Ghanzi,BW,2022-02-04 00:31:55,-21.5667,21.7833,69.93,79,82,9.64
903,Lhokseumawe,ID,2022-02-04 00:31:55,5.1801,97.1507,76.5,86,99,4.21
904,Iskateley,RU,2022-02-04 00:31:56,67.6803,53.1512,2.7,97,100,3.69
905,Prenzlau,DE,2022-02-04 00:31:56,53.3167,13.8667,45.34,94,100,9.4
906,Daytona Beach,US,2022-02-04 00:27:34,29.2108,-81.0228,72.12,77,20,5.75
907,Tonantins,BR,2022-02-04 00:31:57,-2.8731,-67.8022,73.85,97,100,1.99
908,Bukama,CD,2022-02-04 00:31:57,-9.2,25.85,67.84,99,100,1.66
909,Lokvine,BA,2022-02-04 00:31:58,44.2047,17.8564,26.01,86,100,3.58
910,Imbituba,BR,2022-02-04 00:31:59,-28.24,-48.6703,78.69,91,1,15.66
911,Palaikastron,GR,2022-02-04 00:32:59,35.2,26.25,49.75,77,100,29.73
912,San Antonio Ilotenango,GT,2022-02-04 00:33:00,15.0547,-91.2297,61.79,87,33,3.44
913,Kudahuvadhoo,MV,2022-02-04 00:33:00,2.6708,72.8944,80.94,72,2,8.41
914,High Rock,BS,2022-02-04 00:33:01,26.6208,-78.2833,73.42,69,0,15.86
915,Antalaha,MG,2022-02-04 00:33:01,-14.9003,50.2788,75.7,85,100,6.29
916,Buta,CD,2022-02-04 00:33:01,2.7858,24.73,74.5,42,100,2.42
917,Kizema,RU,2022-02-04 00:33:02,61.113,44.8302,-5.69,100,100,2.28
918,Senno,RU,2022-02-04 00:33:02,59.5336,33.9167,-4.63,100,100,2.1
919,Podgornoye,RU,2022-02-04 00:33:03,51.735,39.1496,25.02,93,100,6.71
920,Balykshi,KZ,2022-02-04 00:33:03,47.0667,51.8667,35.6,87,100,24.61
921,Chechat,IN,2022-02-04 00:33:03,24.7667,75.8833,52.88,54,0,5.26
922,San Borja,BO,2022-02-04 00:33:04,-14.8167,-66.85,74.79,90,57,2.55
923,Gaoual,GN,2022-02-04 00:33:04,11.75,-13.2,73.17,16,0,3.8
924,Port-Gentil,GA,2022-02-04 00:33:05,-0.7193,8.7815,79.68,79,100,6.38
925,Bhainsa,IN,2022-02-04 00:33:05,26.9548,76.9012,49.33,74,0,7.58
926,Amapa,BR,2022-02-04 00:33:06,1.0,-52.0,72.99,97,100,4.03
927,Menongue,AO,2022-02-04 00:33:06,-14.6585,17.691,60.8,97,100,4.52
928,Puerto El Triunfo,SV,2022-02-04 00:33:06,13.2833,-88.55,80.76,76,3,7.49
929,Anzio,IT,2022-02-04 00:33:07,41.4853,12.6179,51.31,75,100,12.57
930,Shetpe,KZ,2022-02-04 00:33:07,44.1667,52.1167,42.03,54,100,16.91
931,Bayan,CN,2022-02-04 00:33:08,46.0833,127.4,-6.41,96,80,5.53
932,Grindavik,IS,2022-02-04 00:29:12,63.8424,-22.4338,27.07,74,75,19.57
933,Vallenar,CL,2022-02-04 00:33:08,-28.5708,-70.7581,68.92,52,0,4.32
934,Edgewater,US,2022-02-04 00:33:09,28.9889,-80.9023,73.49,78,0,9.22
935,Yenagoa,NG,2022-02-04 00:33:09,4.9247,6.2642,77.22,83,5,1.07
936,Shache,CN,2022-02-04 00:33:09,38.4167,77.2406,24.84,46,100,2.84
937,Muri,IN,2022-02-04 00:33:10,23.3667,85.8667,65.05,91,100,4.47
938,Colares,PT,2022-02-04 00:33:10,38.7992,-9.4469,55.33,75,100,1.01
939,Devanhalli,IN,2022-02-04 00:33:11,13.2325,77.6992,62.83,100,40,4.61
940,Camara De Lobos,PT,2022-02-04 00:33:11,32.6333,-16.9667,67.01,86,40,4.0
941,Warri,NG,2022-02-04 00:33:12,5.5167,5.75,77.54,83,97,2.55
942,Najran,SA,2022-02-04 00:33:13,17.4924,44.1277,54.25,34,6,4.18
943,La Serena,CL,2022-02-04 00:33:13,-29.9078,-71.2542,64.24,80,16,1.95
944,La Suiza,CR,2022-02-04 00:33:14,9.8524,-83.6133,74.7,97,91,1.07
945,Hollabrunn,AT,2022-02-04 00:33:14,48.55,16.0833,40.82,83,99,3.65
946,Balintore,GB,2022-02-04 00:33:14,57.7556,-3.9123,36.36,84,9,22.77
947,Coquimbo,CL,2022-02-04 00:33:15,-29.9533,-71.3436,64.47,80,6,5.41
948,Kozhva,RU,2022-02-04 00:33:16,65.1073,57.0459,14.2,97,100,4.72
949,Yar-Sale,RU,2022-02-04 00:33:12,66.8333,70.8333,-7.06,99,99,5.5
950,Terra Santa,BR,2022-02-04 00:33:16,-2.1042,-56.4869,76.69,77,53,2.28
951,Kodinar,IN,2022-02-04 00:33:17,20.7903,70.7031,61.12,45,11,5.23
952,Bay City,US,2022-02-04 00:30:12,43.5945,-83.8889,16.36,67,0,8.99
953,Cordoba,AR,2022-02-04 00:33:18,-31.4135,-64.1811,79.75,78,20,1.01
954,Balsas,BR,2022-02-04 00:33:18,-7.5325,-46.0356,78.12,72,97,0.83
955,Plouzane,FR,2022-02-04 00:33:18,48.3833,-4.6167,48.38,84,100,10.36
956,Myitkyina,MM,2022-02-04 00:31:59,25.3833,97.4,52.61,80,78,3.33
957,Rocha,UY,2022-02-04 00:34:19,-34.4833,-54.3333,70.25,97,100,4.21
958,Vuktyl,RU,2022-02-04 00:34:20,63.8567,57.3094,13.73,96,100,5.08
959,Quthing,LS,2022-02-04 00:34:20,-30.4,27.7003,63.95,84,71,5.82
960,Igrim,RU,2022-02-04 00:34:20,63.1906,64.4162,10.85,96,100,0.76
961,Rio Tercero,AR,2022-02-04 00:34:21,-32.173,-64.1141,74.8,74,0,3.22
962,Wattegama,LK,2022-02-04 00:34:21,6.7989,81.4808,70.72,94,0,2.84
963,Copiapo,CL,2022-02-04 00:34:22,-27.3667,-70.3333,68.74,53,0,3.24
964,Atouguia Da Baleia,PT,2022-02-04 00:34:22,39.3381,-9.3263,55.36,95,99,1.86
965,Loandjili,CG,2022-02-04 00:34:22,-4.7561,11.8578,75.31,94,20,2.3
966,Saint-Joseph,RE,2022-02-04 00:33:00,-21.3667,55.6167,77.36,91,100,28.63
967,Yaan,NG,2022-02-04 00:34:23,7.3833,8.5667,79.2,13,17,9.89
968,Palencia,ES,2022-02-04 00:34:24,42.4167,-4.5,41.79,78,95,2.21
969,Raduzhnyy,RU,2022-02-04 00:34:24,62.0961,77.475,20.08,95,100,11.16
970,Zapolyarnyy,RU,2022-02-04 00:34:25,69.4154,30.8136,-1.12,100,100,3.24
971,Hovd,MN,2022-02-04 00:34:25,48.0056,91.6419,-10.44,81,23,3.83
972,Kihurio,TZ,2022-02-04 00:34:26,-4.4667,38.0667,70.95,94,59,3.91
973,Hurghada,EG,2022-02-04 00:33:18,27.2574,33.8129,56.16,42,0,12.8
974,Nadym,RU,2022-02-04 00:34:26,65.5333,72.5167,4.93,98,97,6.67
975,Shubarkuduk,KZ,2022-02-04 00:34:27,49.1447,56.4872,21.65,78,100,15.68
976,Cabedelo,BR,2022-02-04 00:34:27,-6.9811,-34.8339,83.07,74,98,13.02
977,Ondangwa,NA,2022-02-04 00:34:28,-17.9167,15.95,77.27,37,84,10.07
978,Cascais,PT,2022-02-04 00:34:28,38.6979,-9.4215,55.51,74,100,1.01
979,Boende,CD,2022-02-04 00:34:28,-0.2167,20.8667,66.24,98,99,2.48
980,Yemelyanovo,RU,2022-02-04 00:34:29,56.1681,92.6767,-4.99,84,100,2.24
981,Biankouma,CI,2022-02-04 00:34:29,7.7391,-7.6138,67.28,16,0,0.58
982,Quincy,US,2022-02-04 00:30:09,42.2529,-71.0023,45.43,96,100,1.99
983,Margate,GB,2022-02-04 00:34:30,51.3813,1.3862,48.96,86,100,18.97
984,Prado,BR,2022-02-04 00:34:30,-17.3411,-39.2208,77.34,88,31,6.8
985,Sao Domingos Do Maranhao,BR,2022-02-04 00:34:31,-5.5758,-44.3853,74.26,86,63,1.7
986,Teguise,ES,2022-02-04 00:34:31,29.0605,-13.564,66.42,64,0,14.97
987,Bay Roberts,CA,2022-02-04 00:34:32,47.5999,-53.2648,37.51,82,100,11.01
988,Takhatgarh,IN,2022-02-04 00:34:32,25.3333,73.0,53.13,42,0,5.39
989,Zlobin,HR,2022-02-04 00:34:33,45.2924,14.6541,36.7,79,0,5.75
990,Maldonado,UY,2022-02-04 00:34:26,-34.6667,-54.9167,72.23,97,100,1.12
991,Aranos,NA,2022-02-04 00:34:33,-24.1333,19.1167,73.53,41,44,8.75
992,Manavalakurichi,IN,2022-02-04 00:34:34,8.1333,77.3,78.89,90,39,5.44
993,Dudinka,RU,2022-02-04 00:34:34,69.4058,86.1778,-22.09,100,65,4.0
994,Beni Mazar,EG,2022-02-04 00:34:35,28.4962,30.8029,49.93,53,4,10.2
995,Bud,US,2022-02-04 00:34:35,39.447,-86.1758,21.85,92,100,17.92
