City_ID,City,Country,Date,Lat,Lng,Max Temp,Humidity,Cloudiness,Wind Speed,Current Description
0,Mataura,NZ,2022-02-06 20:22:14,-46.1927,168.8643,47.34,74,5,1.28,clear sky
1,Vao,NC,2022-02-06 20:22:14,-22.6667,167.4833,80.04,84,79,1.16,broken clouds
2,Cowansville,CA,2022-02-06 20:20:17,45.2001,-72.7491,23.16,45,63,4.61,broken clouds
3,Hovd,MN,2022-02-06 20:22:15,48.0056,91.6419,-14.08,74,13,3.2,few clouds
4,Deputatskiy,RU,2022-02-06 20:22:15,69.3,139.9,-34.76,98,78,5.35,broken clouds
5,Cape Town,ZA,2022-02-06 20:20:47,-33.9258,18.4232,67.12,75,20,6.91,few clouds
6,Ati,TD,2022-02-06 20:22:16,13.2154,18.3353,71.24,14,0,10.33,clear sky
7,Hermanus,ZA,2022-02-06 20:22:14,-34.4187,19.2345,67.8,92,9,7.09,clear sky
8,New Norfolk,AU,2022-02-06 20:22:17,-42.7826,147.0587,52.75,75,4,1.95,clear sky
9,Busselton,AU,2022-02-06 20:22:17,-33.65,115.3333,53.1,53,47,17.13,scattered clouds
10,Victoria,HK,2022-02-06 20:20:03,22.2855,114.1577,62.58,80,100,3.0,overcast clouds
11,Ushuaia,AR,2022-02-06 20:22:18,-54.8,-68.3,64.06,55,75,18.41,broken clouds
12,Vila Franca Do Campo,PT,2022-02-06 20:19:57,37.7167,-25.4333,61.2,86,70,12.97,broken clouds
13,Tiksi,RU,2022-02-06 20:22:19,71.6872,128.8694,-15.3,99,100,4.25,overcast clouds
14,Castro,BR,2022-02-06 20:22:19,-24.7911,-50.0119,74.17,78,47,5.86,light rain
15,Bluff,NZ,2022-02-06 20:22:20,-46.6,168.3333,48.31,72,3,5.14,clear sky
16,Barrow,US,2022-02-06 20:17:36,71.2906,-156.7887,-25.58,68,0,12.66,clear sky
17,Chimbote,PE,2022-02-06 20:22:22,-9.0853,-78.5783,74.61,70,95,10.69,overcast clouds
18,Punta Arenas,CL,2022-02-06 20:17:51,-53.15,-70.9167,68.11,56,75,11.5,broken clouds
19,Rocha,UY,2022-02-06 20:22:23,-34.4833,-54.3333,70.16,49,46,18.63,scattered clouds
20,Cabo San Lucas,MX,2022-02-06 20:19:49,22.8909,-109.9124,75.61,61,0,5.01,clear sky
21,Berdyaush,RU,2022-02-06 20:22:23,55.1619,59.1464,5.22,96,99,3.96,overcast clouds
22,Tuktoyaktuk,CA,2022-02-06 20:22:24,69.4541,-133.0374,-25.6,75,75,17.27,light snow
23,Hilo,US,2022-02-06 20:20:19,19.7297,-155.09,75.25,92,100,6.91,moderate rain
24,Carnarvon,AU,2022-02-06 20:22:25,-24.8667,113.6333,72.75,66,22,24.27,few clouds
25,Knysna,ZA,2022-02-06 20:22:25,-34.0363,23.0471,73.78,56,23,5.44,few clouds
26,Inverell,AU,2022-02-06 20:22:25,-29.7833,151.1167,55.11,89,0,1.01,clear sky
27,Kedrovyy,RU,2022-02-06 20:22:26,56.1667,91.8167,21.61,86,100,4.7,overcast clouds
28,Arraial Do Cabo,BR,2022-02-06 20:17:51,-22.9661,-42.0278,85.96,69,0,18.41,clear sky
29,Naze,JP,2022-02-06 20:21:31,28.3667,129.4833,51.98,62,100,7.07,overcast clouds
30,Pascagoula,US,2022-02-06 20:22:27,30.3658,-88.5561,61.05,38,0,4.61,clear sky
31,Hobart,AU,2022-02-06 20:18:28,-42.8794,147.3294,53.06,87,20,1.01,few clouds
32,Souillac,MU,2022-02-06 20:22:07,-20.5167,57.5167,79.36,83,75,6.91,broken clouds
33,Nikolskoye,RU,2022-02-06 20:22:28,59.7035,30.7861,35.87,94,100,12.01,light snow
34,Byron Bay,AU,2022-02-06 20:22:29,-28.65,153.6167,67.87,77,100,15.52,overcast clouds
35,Tiznit,MA,2022-02-06 20:22:29,29.5833,-9.5,62.82,41,6,2.33,clear sky
36,Kodiak,US,2022-02-06 20:22:29,57.79,-152.4072,36.91,65,0,14.97,clear sky
37,Hervey Bay,AU,2022-02-06 20:22:30,-25.2986,152.8535,66.31,78,20,14.03,light rain
38,Jamestown,US,2022-02-06 20:22:30,42.097,-79.2353,35.19,26,0,13.8,clear sky
39,Arlit,NE,2022-02-06 20:22:31,18.7369,7.3853,66.96,9,0,5.37,clear sky
40,Pisco,PE,2022-02-06 20:22:31,-13.7,-76.2167,73.02,83,20,10.36,mist
41,Aksha,RU,2022-02-06 20:22:31,50.2814,113.2867,3.0,95,50,4.81,scattered clouds
42,Hofn,IS,2022-02-06 20:22:32,64.2539,-15.2082,26.6,67,3,16.91,clear sky
43,Bredasdorp,ZA,2022-02-06 20:22:33,-34.5322,20.0403,67.28,82,0,3.44,clear sky
44,Rikitea,PF,2022-02-06 20:22:33,-23.1203,-134.9692,79.12,70,1,17.02,clear sky
45,Oussouye,SN,2022-02-06 20:22:34,12.485,-16.5469,82.58,47,1,6.71,clear sky
46,Mehamn,NO,2022-02-06 20:22:34,71.0357,27.8492,26.78,89,28,15.41,scattered clouds
47,Puerto Ayora,EC,2022-02-06 20:18:21,-0.7393,-90.3518,84.16,88,53,8.01,broken clouds
48,Katsuura,JP,2022-02-06 20:19:22,35.1333,140.3,35.71,49,67,10.83,broken clouds
49,Troitskoye,RU,2022-02-06 20:23:35,52.9821,84.6757,1.13,98,26,2.57,scattered clouds
50,Hamilton,US,2022-02-06 20:23:36,39.1834,-84.5333,40.98,57,0,1.01,clear sky
51,Katobu,ID,2022-02-06 20:23:36,-4.9408,122.5276,75.04,94,31,4.7,scattered clouds
52,Ribeira Grande,PT,2022-02-06 20:23:37,38.5167,-28.7,63.0,82,75,11.5,broken clouds
53,Muros,ES,2022-02-06 20:23:37,42.7762,-9.0603,52.84,75,44,9.93,scattered clouds
54,Kaitangata,NZ,2022-02-06 20:23:37,-46.2817,169.8464,48.24,77,5,0.27,clear sky
55,Torbay,CA,2022-02-06 20:23:38,47.6666,-52.7314,15.58,78,75,14.97,broken clouds
56,Kavieng,PG,2022-02-06 20:23:38,-2.5744,150.7967,81.05,78,77,3.15,broken clouds
57,Pierre,US,2022-02-06 20:23:40,44.3683,-100.351,45.86,43,40,1.01,scattered clouds
58,Mount Gambier,AU,2022-02-06 20:19:02,-37.8333,140.7667,59.25,60,0,5.35,clear sky
59,Goderich,CA,2022-02-06 20:23:41,43.7501,-81.7165,28.9,68,100,13.8,overcast clouds
60,Esperance,AU,2022-02-06 20:23:41,-33.8667,121.9,60.64,63,100,22.53,overcast clouds
61,Oktyabrskoye,RU,2022-02-06 20:23:42,43.0645,44.7417,32.14,74,97,6.71,overcast clouds
62,San Cristobal,VE,2022-02-06 20:23:42,7.7669,-72.225,73.58,57,73,4.09,broken clouds
63,Lusambo,CD,2022-02-06 20:23:43,-4.9667,23.45,73.11,83,100,0.94,light rain
64,Necochea,AR,2022-02-06 20:23:43,-38.5473,-58.7368,63.03,69,86,18.37,overcast clouds
65,Vaini,TO,2022-02-06 20:22:08,-21.2,-175.2,77.16,94,100,9.22,light intensity drizzle
66,Mar Del Plata,AR,2022-02-06 20:19:09,-38.0023,-57.5575,68.09,87,100,3.0,overcast clouds
67,Gandajika,CD,2022-02-06 20:23:44,-6.75,23.95,65.75,95,100,3.65,light rain
68,Pokrovsk,UA,2022-02-06 20:23:44,48.282,37.1758,29.1,93,100,7.9,overcast clouds
69,Novyy Urengoy,RU,2022-02-06 20:23:45,66.0833,76.6333,-21.17,100,73,1.72,broken clouds
70,Boende,CD,2022-02-06 20:23:45,-0.2167,20.8667,81.43,42,100,1.86,overcast clouds
71,Lebu,CL,2022-02-06 20:20:24,-37.6167,-73.65,65.86,67,0,13.18,clear sky
72,Ponta Do Sol,PT,2022-02-06 20:23:46,32.6667,-17.1,63.72,68,9,10.27,clear sky
73,Harper,LR,2022-02-06 20:23:46,4.375,-7.7169,79.84,81,99,10.54,overcast clouds
74,Dikson,RU,2022-02-06 20:23:47,73.5069,80.5464,-20.13,99,93,10.4,overcast clouds
75,Aklavik,CA,2022-02-06 20:21:30,68.2191,-135.0107,-19.37,76,75,16.11,broken clouds
76,Port Shepstone,ZA,2022-02-06 20:23:48,-30.7414,30.455,73.26,86,41,12.62,light rain
77,Albany,US,2022-02-06 20:22:18,42.6001,-73.9662,28.31,56,57,1.01,broken clouds
78,Mastic Beach,US,2022-02-06 20:23:48,40.7668,-72.8521,32.5,68,0,3.0,clear sky
79,Thompson,CA,2022-02-06 20:23:48,55.7435,-97.8558,-3.84,54,20,8.05,few clouds
80,Camacha,PT,2022-02-06 20:20:03,33.0833,-16.3333,59.76,67,40,14.97,scattered clouds
81,Saskylakh,RU,2022-02-06 20:23:49,71.9167,114.0833,-24.97,100,95,2.08,overcast clouds
82,Saldanha,ZA,2022-02-06 20:23:49,-33.0117,17.9442,68.05,96,38,9.33,scattered clouds
83,Khatanga,RU,2022-02-06 20:23:50,71.9667,102.5,-18.26,98,99,8.63,overcast clouds
84,Almonte,ES,2022-02-06 20:23:50,37.2647,-6.5167,59.27,66,4,8.14,clear sky
85,Tasiilaq,GL,2022-02-06 20:23:51,65.6145,-37.6368,23.16,60,100,41.07,overcast clouds
86,Norman Wells,CA,2022-02-06 20:23:51,65.282,-126.8329,-12.96,64,75,18.41,broken clouds
87,Bakong,CM,2022-02-06 20:23:52,5.0935,10.4852,69.26,23,25,1.72,scattered clouds
88,General Roca,AR,2022-02-06 20:23:52,-39.0333,-67.5833,88.2,14,1,9.55,clear sky
89,Sorland,NO,2022-02-06 20:23:52,67.667,12.6934,35.46,61,100,17.27,overcast clouds
90,Kruisfontein,ZA,2022-02-06 20:23:53,-34.0033,24.7314,74.88,57,100,10.94,overcast clouds
91,Ixtapa,MX,2022-02-06 20:23:53,20.7,-105.2,76.23,73,40,10.36,scattered clouds
92,Atuona,PF,2022-02-06 20:24:54,-9.8,-139.0333,78.69,73,1,19.01,clear sky
93,Leningradskiy,RU,2022-02-06 20:24:54,69.3833,178.4167,-22.86,98,28,6.69,scattered clouds
94,Upernavik,GL,2022-02-06 20:20:21,72.7868,-56.1549,-13.32,98,100,8.5,overcast clouds
95,Port Elizabeth,ZA,2022-02-06 20:24:55,-33.918,25.5701,77.09,78,0,12.66,clear sky
96,Yenagoa,NG,2022-02-06 20:24:56,4.9247,6.2642,80.91,67,0,6.29,clear sky
97,Mahebourg,MU,2022-02-06 20:21:59,-20.4081,57.7,79.25,83,75,6.91,broken clouds
98,Egvekinot,RU,2022-02-06 20:24:56,66.3167,-179.1667,-13.95,82,1,7.76,clear sky
99,Caraballeda,VE,2022-02-06 20:24:57,10.6112,-66.8522,89.67,58,75,5.75,broken clouds
100,Huntington,US,2022-02-06 20:24:57,38.4193,-82.4452,48.54,48,0,4.0,clear sky
101,Urengoy,RU,2022-02-06 20:24:58,65.9667,78.3667,-25.56,100,93,3.87,overcast clouds
102,Longyearbyen,SJ,2022-02-06 20:24:58,78.2186,15.6401,21.04,53,20,11.5,few clouds
103,Oranjemund,NA,2022-02-06 20:25:00,-28.55,16.4333,66.83,72,46,5.12,scattered clouds
104,Kapaa,US,2022-02-06 20:23:26,22.0752,-159.319,77.32,76,75,1.01,broken clouds
105,Salalah,OM,2022-02-06 20:25:02,17.0151,54.0924,75.06,38,94,12.97,overcast clouds
106,Shache,CN,2022-02-06 20:25:03,38.4167,77.2406,27.05,56,97,4.63,overcast clouds
107,Khilok,RU,2022-02-06 20:25:03,51.3674,110.4676,8.56,94,100,5.66,overcast clouds
108,Butaritari,KI,2022-02-06 20:20:18,3.0707,172.7902,81.61,77,48,16.08,light rain
109,Lucapa,AO,2022-02-06 20:25:04,-8.4192,20.7447,65.55,96,92,1.72,moderate rain
110,Mumford,GH,2022-02-06 20:25:05,5.2618,-0.759,80.6,82,65,6.31,broken clouds
111,Port Lincoln,AU,2022-02-06 20:21:08,-34.7333,135.8667,72.18,58,0,14.54,clear sky
112,Beringovskiy,RU,2022-02-06 20:25:05,63.05,179.3167,-18.67,99,45,7.09,scattered clouds
113,Concordia,AR,2022-02-06 20:25:06,-31.393,-58.0209,75.27,44,20,15.01,few clouds
114,Geraldton,AU,2022-02-06 20:25:06,-28.7667,114.6,68.41,49,40,13.8,scattered clouds
115,Yulara,AU,2022-02-06 20:23:19,-25.2406,130.9889,67.84,45,0,5.75,clear sky
116,Chizhou,CN,2022-02-06 20:25:07,30.6578,117.4831,33.69,100,100,6.11,snow
117,Fuling,CN,2022-02-06 20:25:08,29.7022,107.3919,38.66,99,100,0.13,light rain
118,Hobyo,SO,2022-02-06 20:25:08,5.3505,48.5268,76.51,70,76,16.04,broken clouds
119,Pemangkat,ID,2022-02-06 20:24:35,1.1667,108.9667,76.75,91,98,5.61,overcast clouds
120,Port Alfred,ZA,2022-02-06 20:25:09,-33.5906,26.891,74.66,83,73,21.32,broken clouds
121,San Ramon De La Nueva Oran,AR,2022-02-06 20:25:09,-23.1322,-64.326,77.34,49,68,1.74,broken clouds
122,Biltine,TD,2022-02-06 20:25:10,14.5333,20.9167,68.63,11,84,15.55,broken clouds
123,Buritis,BR,2022-02-06 20:25:10,-15.6178,-46.4233,70.16,96,100,1.19,overcast clouds
124,Bethanien,NA,2022-02-06 20:25:11,-26.502,17.1583,69.55,71,100,14.34,moderate rain
125,Cayenne,GF,2022-02-06 20:25:11,4.9333,-52.3333,82.44,84,75,5.01,moderate rain
126,Alice Springs,AU,2022-02-06 20:20:48,-23.7,133.8833,58.55,94,0,0.0,clear sky
127,Seddon,AU,2022-02-06 20:25:12,-37.8068,144.8916,62.35,86,0,4.61,clear sky
128,Dakar,SN,2022-02-06 20:25:12,14.6937,-17.4441,77.88,83,0,9.22,clear sky
129,Zilair,RU,2022-02-06 20:25:12,52.2332,57.4392,15.1,97,100,1.86,overcast clouds
130,Buzmeyin,TM,2022-02-06 20:25:13,38.0507,58.2056,33.53,93,40,4.61,scattered clouds
131,Svetlogorsk,BY,2022-02-06 20:25:13,52.6333,29.7333,32.22,93,100,13.73,overcast clouds
132,Boali,CF,2022-02-06 20:25:14,4.8005,18.1275,80.47,22,59,3.83,broken clouds
133,Saint-Philippe,RE,2022-02-06 20:22:07,-21.3585,55.7679,80.15,81,100,14.74,overcast clouds
134,Carberry,CA,2022-02-06 20:25:15,49.8689,-99.3602,0.64,86,65,6.22,broken clouds
135,Codrington,AU,2022-02-06 20:26:15,-38.2667,141.9667,56.34,80,0,8.7,clear sky
136,Sabang,ID,2022-02-06 20:26:16,5.8933,95.3214,77.47,86,100,15.19,overcast clouds
137,Cockburn Town,TC,2022-02-06 20:22:24,21.4612,-71.1419,78.76,47,20,9.22,few clouds
138,Poronaysk,RU,2022-02-06 20:26:17,49.2167,143.1167,-1.37,94,62,6.33,broken clouds
139,Provideniya,RU,2022-02-06 20:21:50,64.3833,-173.3,-6.21,85,2,3.33,clear sky
140,Santa Cruz Cabralia,BR,2022-02-06 20:26:17,-16.2781,-39.0247,82.63,78,40,10.36,scattered clouds
141,East London,ZA,2022-02-06 20:24:02,-33.0153,27.9116,74.34,82,1,19.8,clear sky
142,Fort Nelson,CA,2022-02-06 20:25:24,58.8053,-122.7002,36.23,87,100,4.09,overcast clouds
143,Hirara,JP,2022-02-06 20:26:18,24.8,125.2833,64.71,65,53,16.53,broken clouds
144,Sangamner,IN,2022-02-06 20:26:19,19.5667,74.2167,65.37,45,46,5.66,scattered clouds
145,Houma,US,2022-02-06 20:26:19,29.5958,-90.7195,57.2,39,0,8.05,clear sky
146,Yellowknife,CA,2022-02-06 20:23:34,62.456,-114.3525,-2.58,91,75,13.8,light snow
147,Praia Da Vitoria,PT,2022-02-06 20:26:20,38.7333,-27.0667,60.76,100,75,16.62,mist
148,Ambon,ID,2022-02-06 20:26:20,-3.6954,128.1814,75.34,94,40,5.75,scattered clouds
149,Santiago,CL,2022-02-06 20:25:04,-33.4569,-70.6483,95.29,23,0,9.22,clear sky
150,Hithadhoo,MV,2022-02-06 20:26:21,-0.6,73.0833,82.27,72,33,12.66,scattered clouds
151,Chuy,UY,2022-02-06 20:26:21,-33.6971,-53.4616,73.94,40,4,16.46,clear sky
152,Belaya Gora,RU,2022-02-06 20:26:22,68.5333,146.4167,-43.17,100,65,1.61,broken clouds
153,Kutum,SD,2022-02-06 20:26:23,14.2,24.6667,56.07,18,61,12.37,broken clouds
154,Kindu,CD,2022-02-06 20:26:23,-2.95,25.95,73.42,83,100,0.25,overcast clouds
155,Killam,CA,2022-02-06 20:26:23,52.7834,-111.8518,42.39,65,58,13.8,broken clouds
156,Vestmannaeyjar,IS,2022-02-06 20:22:30,63.4427,-20.2734,35.94,56,100,18.07,overcast clouds
157,Clinton,US,2022-02-06 20:26:24,42.587,-82.9199,35.67,63,40,1.01,scattered clouds
158,Tamandare,BR,2022-02-06 20:26:24,-8.7597,-35.1047,81.86,67,51,13.78,broken clouds
159,Marawi,PH,2022-02-06 20:25:56,7.9986,124.2928,63.64,92,19,1.43,few clouds
160,Iberia,US,2022-02-06 20:26:25,29.9502,-91.7507,58.05,37,0,3.44,clear sky
161,Kaseda,JP,2022-02-06 20:26:26,31.4167,130.3167,34.84,68,100,6.02,overcast clouds
162,Emba,KZ,2022-02-06 20:26:26,48.8264,58.1442,17.42,96,100,10.67,overcast clouds
163,Luderitz,NA,2022-02-06 20:26:27,-26.6481,15.1594,68.56,74,24,4.03,few clouds
164,Ostersund,SE,2022-02-06 20:26:27,63.1792,14.6357,22.6,93,100,11.5,light snow
165,Rio Verde De Mato Grosso,BR,2022-02-06 20:26:28,-18.9181,-54.8442,81.32,81,99,5.35,overcast clouds
166,Kankakee,US,2022-02-06 20:26:28,41.15,-87.8667,33.17,80,0,13.8,clear sky
167,Bethel,US,2022-02-06 20:25:39,41.3712,-73.414,30.47,56,0,1.01,clear sky
168,Sioux Lookout,CA,2022-02-06 20:26:29,50.1001,-91.917,10.78,67,20,5.75,few clouds
169,Mercedes,AR,2022-02-06 20:23:17,-34.6515,-59.4307,73.18,46,68,14.81,broken clouds
170,Hami,CN,2022-02-06 20:26:29,42.8,93.45,26.08,34,16,11.3,few clouds
171,Tokur,RU,2022-02-06 20:26:30,53.1333,132.9,-23.58,99,48,1.63,scattered clouds
172,San Pedro,PH,2022-02-06 20:26:30,14.35,121.0167,78.03,81,75,4.61,broken clouds
173,Salinopolis,BR,2022-02-06 20:22:20,-0.6136,-47.3561,78.98,87,100,8.3,moderate rain
174,Koungou,YT,2022-02-06 20:26:31,-12.7336,45.2042,80.31,89,0,3.44,clear sky
175,Antofagasta,CL,2022-02-06 20:26:27,-23.65,-70.4,75.22,59,0,7.31,clear sky
176,San Jose,US,2022-02-06 20:24:08,37.3394,-121.895,69.08,44,0,1.01,clear sky
177,Brae,GB,2022-02-06 20:24:27,60.3964,-1.353,39.11,56,44,32.06,scattered clouds
178,Ilulissat,GL,2022-02-06 20:27:32,69.2167,-51.1,1.42,60,100,8.05,overcast clouds
179,Kudahuvadhoo,MV,2022-02-06 20:27:33,2.6708,72.8944,81.64,64,23,10.25,few clouds
180,Chokurdakh,RU,2022-02-06 20:26:01,70.6333,147.9167,-39.57,100,91,2.21,overcast clouds
181,Dunedin,NZ,2022-02-06 20:27:33,-45.8742,170.5036,51.6,77,24,1.92,few clouds
182,Caceres,ES,2022-02-06 20:27:34,39.522,-6.3748,47.8,63,3,3.15,clear sky
183,Anloga,GH,2022-02-06 20:27:34,5.7947,0.8973,84.42,80,59,12.28,broken clouds
184,Puerto Madryn,AR,2022-02-06 20:27:35,-42.7692,-65.0385,73.38,38,8,15.28,clear sky
185,Lorengau,PG,2022-02-06 20:23:16,-2.0226,147.2712,80.76,80,100,6.73,overcast clouds
186,Alihe,CN,2022-02-06 20:27:35,50.5667,123.7167,-7.87,97,86,2.91,overcast clouds
187,Faanui,PF,2022-02-06 20:25:56,-16.4833,-151.75,81.28,74,100,22.37,overcast clouds
188,Russell,US,2022-02-06 20:27:36,32.3502,-85.1999,56.97,51,62,6.96,broken clouds
189,Fairbanks,US,2022-02-06 20:25:02,64.8378,-147.7164,-1.7,76,100,0.0,haze
190,Georgetown,MY,2022-02-06 20:27:37,5.4112,100.3354,76.95,95,40,3.44,scattered clouds
191,Dindori,IN,2022-02-06 20:27:37,22.95,81.0833,53.78,29,0,2.08,clear sky
192,Tessalit,ML,2022-02-06 20:27:37,20.1986,1.0114,69.48,10,0,7.05,clear sky
193,Plaster Rock,CA,2022-02-06 20:27:38,46.9065,-67.39,11.55,71,89,5.73,overcast clouds
194,Bowen,AU,2022-02-06 20:27:38,-20.0167,148.2333,71.82,81,74,10.56,broken clouds
195,Burnie,AU,2022-02-06 20:27:39,-41.0667,145.9167,55.08,88,15,9.46,few clouds
196,Kamiiso,JP,2022-02-06 20:27:39,41.8167,140.65,21.34,91,64,5.61,broken clouds
197,Avera,US,2022-02-06 20:23:28,33.194,-82.5271,49.71,46,100,8.41,overcast clouds
198,Qaanaaq,GL,2022-02-06 20:27:40,77.484,-69.3632,-12.8,59,28,7.85,scattered clouds
199,Saint-Georges,GD,2022-02-06 20:27:40,12.0564,-61.7485,83.88,74,40,20.71,scattered clouds
200,Mayo,US,2022-02-06 20:24:43,38.8876,-76.5119,40.24,35,0,3.0,clear sky
201,Nouadhibou,MR,2022-02-06 20:27:44,20.931,-17.0347,66.18,94,6,13.8,clear sky
202,Vostok,RU,2022-02-06 20:27:44,46.4856,135.8833,-10.71,99,98,4.14,overcast clouds
203,Kattivakkam,IN,2022-02-06 20:27:45,13.2167,80.3167,80.08,77,100,8.95,overcast clouds
204,Morros,BR,2022-02-06 20:27:45,-9.4467,-46.3003,83.59,61,100,2.55,overcast clouds
205,Labytnangi,RU,2022-02-06 20:27:46,66.6572,66.4183,-20.72,100,99,2.66,overcast clouds
206,Roxana,CR,2022-02-06 20:27:46,10.2753,-83.7513,90.12,49,65,6.76,broken clouds
207,Koutsouras,GR,2022-02-06 20:27:47,35.0339,25.9469,56.1,80,6,1.95,clear sky
208,Minas De Barroteran,MX,2022-02-06 20:27:47,27.6333,-101.2833,57.54,25,28,4.41,scattered clouds
209,Srednekolymsk,RU,2022-02-06 20:24:32,67.45,153.6833,-36.96,100,65,1.45,broken clouds
210,Eureka,US,2022-02-06 20:25:27,40.8021,-124.1637,64.2,69,7,4.0,clear sky
211,Haines Junction,CA,2022-02-06 20:27:48,60.7522,-137.5108,37.35,60,100,14.97,overcast clouds
212,Poum,NC,2022-02-06 20:27:48,-20.2333,164.0167,80.4,83,100,10.74,overcast clouds
213,Touros,BR,2022-02-06 20:25:53,-5.1989,-35.4608,85.1,67,1,13.35,clear sky
214,Warrenton,ZA,2022-02-06 20:27:49,-28.114,24.8475,71.55,56,54,10.74,broken clouds
215,Faya,SA,2022-02-06 20:27:50,18.3851,42.4509,52.32,76,4,1.54,clear sky
216,Ust-Nera,RU,2022-02-06 20:27:50,64.5667,143.2,-24.79,80,3,2.75,clear sky
217,Sitka,US,2022-02-06 20:27:50,57.0531,-135.33,44.49,81,100,20.71,moderate rain
218,Shingu,JP,2022-02-06 20:27:51,33.7333,135.9833,38.91,73,21,6.73,few clouds
219,Beatrice,US,2022-02-06 20:27:51,40.2681,-96.747,46.87,36,0,21.85,clear sky
220,Cherskiy,RU,2022-02-06 20:27:52,68.75,161.3,-31.25,100,22,1.92,few clouds
221,Wattegama,LK,2022-02-06 20:27:52,6.7989,81.4808,71.08,76,100,4.72,overcast clouds
222,Nova Borova,UA,2022-02-06 20:27:52,50.693,28.6345,31.06,92,98,14.63,overcast clouds
223,Mwaya,TZ,2022-02-06 20:27:53,-9.55,33.95,71.19,86,100,2.44,overcast clouds
224,Washington,US,2022-02-06 20:23:47,47.5001,-120.5015,51.04,81,100,3.06,overcast clouds
225,Ahipara,NZ,2022-02-06 20:28:54,-35.1667,173.1667,73.51,97,100,6.22,overcast clouds
226,Abha,SA,2022-02-06 20:28:54,18.2164,42.5053,52.05,87,0,0.0,clear sky
227,Lerwick,GB,2022-02-06 20:28:55,60.1545,-1.1494,39.2,57,28,30.27,scattered clouds
228,Nishihara,JP,2022-02-06 20:28:55,26.1842,127.7558,58.28,62,75,6.91,broken clouds
229,Roald,NO,2022-02-06 20:27:09,62.5833,6.1333,39.0,81,75,14.97,light rain
230,Alta Floresta,BR,2022-02-06 20:28:56,-9.8756,-56.0861,87.62,66,75,2.3,broken clouds
231,Rio Claro,BR,2022-02-06 20:28:56,-22.4114,-47.5614,82.4,72,100,6.17,overcast clouds
232,Dickinson,US,2022-02-06 20:28:57,29.4608,-95.0513,60.19,63,0,1.01,clear sky
233,Berlevag,NO,2022-02-06 20:28:57,70.8578,29.0864,22.95,74,40,12.66,scattered clouds
234,Cidreira,BR,2022-02-06 20:28:58,-30.1811,-50.2056,80.22,55,0,11.52,clear sky
235,Kahului,US,2022-02-06 20:28:58,20.8947,-156.47,79.86,68,0,16.11,clear sky
236,Bacalar,MX,2022-02-06 20:28:59,18.6667,-88.3833,80.71,83,75,11.5,broken clouds
237,Ibipeba,BR,2022-02-06 20:28:59,-11.6408,-42.0111,79.63,59,100,7.52,moderate rain
238,Bathsheba,BB,2022-02-06 20:28:59,13.2167,-59.5167,81.21,69,40,17.27,scattered clouds
239,Belmonte,BR,2022-02-06 20:24:26,-15.8631,-38.8828,84.2,69,8,8.23,clear sky
240,Korla,CN,2022-02-06 20:27:40,41.7597,86.1469,23.36,47,5,3.94,clear sky
241,Oeiras,BR,2022-02-06 20:29:00,-7.0253,-42.1311,89.01,47,100,4.25,overcast clouds
242,Constitucion,CL,2022-02-06 20:25:56,-35.3333,-72.4167,71.06,57,10,10.69,clear sky
243,Pangnirtung,CA,2022-02-06 20:28:12,66.1451,-65.7125,-29.2,68,75,3.44,broken clouds
244,Huarmey,PE,2022-02-06 20:29:01,-10.0681,-78.1522,74.98,71,30,10.36,scattered clouds
245,Summerville,US,2022-02-06 20:27:16,33.0185,-80.1757,46.9,62,100,1.01,overcast clouds
246,Ciudad Bolivar,VE,2022-02-06 20:29:02,8.1222,-63.5497,91.44,42,97,10.8,overcast clouds
247,Tanout,NE,2022-02-06 20:29:02,14.9709,8.8879,65.5,11,0,12.33,clear sky
248,Bambous Virieux,MU,2022-02-06 20:29:03,-20.3428,57.7575,79.21,83,75,6.91,light rain
249,Baculin,PH,2022-02-06 20:29:03,7.4525,126.5842,76.08,87,91,7.25,overcast clouds
250,Bengkulu,ID,2022-02-06 20:26:12,-3.8004,102.2655,76.12,87,100,10.31,overcast clouds
251,Colina,BR,2022-02-06 20:29:04,-20.7133,-48.5408,78.42,79,100,4.36,overcast clouds
252,Baruun-Urt,MN,2022-02-06 20:27:06,46.6806,113.2792,-1.07,89,10,6.64,clear sky
253,Ola,RU,2022-02-06 20:29:04,59.5833,151.2833,2.14,73,54,11.03,broken clouds
254,Almeria,ES,2022-02-06 20:29:05,37.1667,-2.3333,49.44,88,5,2.35,clear sky
255,Coihaique,CL,2022-02-06 20:29:05,-45.5752,-72.0662,84.81,34,20,8.05,few clouds
256,Avarua,CK,2022-02-06 20:29:06,-21.2078,-159.775,80.65,83,84,11.5,broken clouds
257,Isangel,VU,2022-02-06 20:29:07,-19.55,169.2667,77.11,94,100,0.0,overcast clouds
258,Fortuna,US,2022-02-06 20:28:33,40.5982,-124.1573,63.93,58,0,1.99,clear sky
259,Aguimes,ES,2022-02-06 20:29:08,27.9054,-15.4461,64.65,77,20,17.27,few clouds
260,Makakilo City,US,2022-02-06 20:29:08,21.3469,-158.0858,79.12,65,0,8.05,clear sky
261,Pevek,RU,2022-02-06 20:29:09,69.7008,170.3133,-24.29,99,27,0.78,scattered clouds
262,Kota Bahru,MY,2022-02-06 20:29:09,6.1333,102.2386,80.55,83,20,5.75,few clouds
263,Henties Bay,NA,2022-02-06 20:29:10,-22.116,14.2845,68.86,79,89,8.5,overcast clouds
264,Batagay,RU,2022-02-06 20:27:41,67.6333,134.6333,-29.81,95,100,1.97,overcast clouds
265,Progreso,MX,2022-02-06 20:29:10,21.2833,-89.6667,75.31,73,48,11.21,scattered clouds
266,Okhotsk,RU,2022-02-06 20:29:11,59.3833,143.3,-0.71,70,100,10.63,overcast clouds
267,Tabuk,PH,2022-02-06 20:29:11,17.4189,121.4443,68.85,97,100,1.19,overcast clouds
268,College,US,2022-02-06 20:28:19,64.8569,-147.8028,-1.71,77,100,3.44,light snow
269,Inuvik,CA,2022-02-06 20:29:05,68.3499,-133.7218,-19.34,76,100,8.05,light snow
270,Buala,SB,2022-02-06 20:30:12,-8.145,159.5921,82.24,81,100,9.73,light rain
271,Natal,BR,2022-02-06 20:30:02,-5.795,-35.2094,84.85,65,0,14.97,clear sky
272,Lagoa,PT,2022-02-06 20:30:13,39.05,-27.9833,60.08,85,48,14.32,scattered clouds
273,Floro,NO,2022-02-06 20:30:13,61.5996,5.0328,37.96,80,75,28.77,broken clouds
274,Qaqortoq,GL,2022-02-06 20:30:13,60.7167,-46.0333,7.3,72,100,2.28,overcast clouds
275,Port Blair,IN,2022-02-06 20:25:51,11.6667,92.75,77.04,88,40,6.91,drizzle
276,Maniitsoq,GL,2022-02-06 20:30:14,65.4167,-52.9,4.03,73,100,13.11,overcast clouds
277,Acapulco,MX,2022-02-06 20:25:36,16.8634,-99.8901,85.82,51,20,12.66,few clouds
278,Ellensburg,US,2022-02-06 20:27:02,46.9965,-120.5479,51.31,77,0,0.0,clear sky
279,Darnah,LY,2022-02-06 20:30:15,32.767,22.6367,57.69,63,75,6.64,broken clouds
280,Raga,SS,2022-02-06 20:30:16,8.4596,25.678,67.39,20,86,4.27,overcast clouds
281,Karratha,AU,2022-02-06 20:27:34,-20.7377,116.8463,83.57,80,4,4.88,clear sky
282,Tambun,ID,2022-02-06 20:30:17,-6.2641,107.0712,78.04,89,94,6.42,light rain
283,Quebrangulo,BR,2022-02-06 20:30:17,-9.3189,-36.4711,79.79,64,20,15.86,few clouds
284,Perelyub,RU,2022-02-06 20:30:18,51.8667,50.3667,17.6,97,99,6.58,overcast clouds
285,Tuatapere,NZ,2022-02-06 20:30:18,-46.1333,167.6833,54.82,62,2,3.49,clear sky
286,Namie,JP,2022-02-06 20:30:18,37.4833,141.0,31.71,71,64,5.64,broken clouds
287,Valmiera,LV,2022-02-06 20:30:19,57.5411,25.4275,35.42,98,100,7.94,overcast clouds
288,Maneadero,MX,2022-02-06 20:30:19,31.7167,-116.5667,71.19,44,0,7.0,clear sky
289,Kenai,US,2022-02-06 20:30:20,60.5544,-151.2583,22.08,92,0,0.0,clear sky
290,Makubetsu,JP,2022-02-06 20:30:20,45.3714,141.8211,23.86,90,100,16.87,light snow
291,Camana,PE,2022-02-06 20:30:20,-16.6228,-72.7111,74.34,69,80,6.55,broken clouds
292,Honavar,IN,2022-02-06 20:30:21,14.2833,74.45,70.18,90,50,5.41,scattered clouds
293,Banjar,ID,2022-02-06 20:30:22,-8.19,114.9675,78.66,90,97,1.36,overcast clouds
294,Nueve De Julio,AR,2022-02-06 20:30:22,-35.4444,-60.8831,70.72,52,47,10.36,scattered clouds
295,Olafsvik,IS,2022-02-06 20:30:23,64.8945,-23.7142,28.15,72,100,20.45,overcast clouds
296,Surab,PK,2022-02-06 20:30:24,28.4914,66.2585,46.38,58,21,4.16,few clouds
297,Sorsk,RU,2022-02-06 20:30:25,54.0033,90.2467,4.55,86,100,1.83,overcast clouds
298,Cancun,MX,2022-02-06 20:30:25,21.1743,-86.8466,78.73,78,75,6.91,broken clouds
299,Stary Sacz,PL,2022-02-06 20:30:25,49.5636,20.635,41.83,75,100,9.6,overcast clouds
300,Mogadishu,SO,2022-02-06 20:30:26,2.0371,45.3438,76.8,83,78,19.3,broken clouds
301,Hasaki,JP,2022-02-06 20:25:43,35.7333,140.8333,27.0,43,1,21.45,clear sky
302,Santa Cruz De La Palma,ES,2022-02-06 20:30:27,28.6835,-17.7642,68.14,77,40,14.97,scattered clouds
303,Kayes,ML,2022-02-06 20:30:27,14.0,-11.0,83.28,8,0,7.65,clear sky
304,Damietta,EG,2022-02-06 20:30:28,31.4165,31.8133,57.09,77,0,6.87,clear sky
305,Mackenzie,CA,2022-02-06 20:30:28,55.2999,-123.1698,39.42,60,20,14.97,few clouds
306,Umm Kaddadah,SD,2022-02-06 20:30:29,13.6017,26.6876,58.55,21,100,15.03,overcast clouds
307,Hanyang,CN,2022-02-06 20:30:29,32.1371,105.5126,32.25,85,69,3.11,broken clouds
308,Daru,PG,2022-02-06 20:30:29,-9.0763,143.2092,78.31,86,100,5.59,overcast clouds
309,Klaksvik,FO,2022-02-06 20:30:30,62.2266,-6.589,34.72,55,90,37.42,overcast clouds
310,Santa Isabel Do Rio Negro,BR,2022-02-06 20:30:30,-0.4139,-65.0192,80.2,76,100,5.37,moderate rain
311,Udachnyy,RU,2022-02-06 20:30:31,66.4167,112.4,-19.55,82,99,3.44,overcast clouds
312,Komsomolsk,UA,2022-02-06 20:30:31,49.0097,33.6455,29.14,84,61,10.49,broken clouds
313,Ornes,NO,2022-02-06 20:30:32,66.8689,13.7078,30.31,69,100,8.55,overcast clouds
314,Chapais,CA,2022-02-06 20:30:32,49.7834,-74.8492,6.58,94,100,9.55,light snow
315,Talnakh,RU,2022-02-06 20:28:37,69.4865,88.3972,-26.81,98,54,2.28,broken clouds
316,Margate,GB,2022-02-06 20:28:29,51.3813,1.3862,47.91,69,80,10.0,broken clouds
317,Dzilam Gonzalez,MX,2022-02-06 20:31:33,21.2833,-88.9333,76.41,64,82,8.37,broken clouds
318,Panalingaan,PH,2022-02-06 20:31:34,8.7842,117.4231,77.05,82,100,4.54,overcast clouds
319,Bowling Green,US,2022-02-06 20:30:01,36.9903,-86.4436,50.11,47,0,8.05,clear sky
320,Junagarh,IN,2022-02-06 20:31:34,19.8667,82.9333,58.06,31,52,2.8,broken clouds
321,Jalu,LY,2022-02-06 20:31:35,29.0331,21.5482,59.56,30,25,5.95,scattered clouds
322,Synya,RU,2022-02-06 20:30:29,65.3718,58.0387,-6.99,98,42,2.77,scattered clouds
323,Shanghai,CN,2022-02-06 20:31:35,31.2222,121.4581,42.67,56,0,1.99,light rain
324,Orumiyeh,IR,2022-02-06 20:31:36,37.5527,45.0761,24.35,68,0,4.61,clear sky
325,Road Town,VG,2022-02-06 20:27:43,18.4167,-64.6167,75.29,88,75,18.41,broken clouds
326,Broome,US,2022-02-06 20:31:36,42.2506,-75.833,31.01,65,0,5.01,clear sky
327,Lebedyn,UA,2022-02-06 20:31:37,50.5852,34.4849,26.29,94,91,9.46,overcast clouds
328,Shestakovo,RU,2022-02-06 20:31:37,56.4915,103.96,7.84,99,100,2.62,overcast clouds
329,Guerrero Negro,MX,2022-02-06 20:31:38,27.9769,-114.0611,68.76,22,0,8.34,clear sky
330,Zavet,BG,2022-02-06 20:31:38,43.7667,26.6667,37.38,59,75,8.01,broken clouds
331,Changde,CN,2022-02-06 20:31:39,29.0464,111.6783,32.16,99,100,8.63,snow
332,Jaguey Grande,CU,2022-02-06 20:31:39,22.5269,-81.1286,81.25,53,53,9.66,broken clouds
333,Mimongo,GA,2022-02-06 20:31:40,-1.6195,11.6068,69.98,95,11,1.36,few clouds
334,Banda Aceh,ID,2022-02-06 20:31:40,5.5577,95.3222,76.39,89,100,7.2,light rain
335,Timbiqui,CO,2022-02-06 20:31:40,2.7717,-77.6654,78.69,86,66,6.73,moderate rain
336,Tazovskiy,RU,2022-02-06 20:31:41,67.4667,78.7,-24.07,100,97,2.37,overcast clouds
337,Vardo,NO,2022-02-06 20:31:41,70.3705,31.1107,26.58,74,75,20.71,broken clouds
338,Villazon,BO,2022-02-06 20:31:42,-22.0866,-65.5942,58.44,50,33,18.99,scattered clouds
339,Airai,TL,2022-02-06 20:31:42,-8.9266,125.4092,60.35,89,88,1.83,overcast clouds
340,Zhangjiakou,CN,2022-02-06 20:28:01,40.81,114.8794,13.55,61,89,5.26,light snow
341,Clyde River,CA,2022-02-06 20:28:40,70.4692,-68.5914,-30.77,75,75,8.05,haze
342,Gigmoto,PH,2022-02-06 20:31:43,13.7796,124.39,77.09,86,97,13.49,overcast clouds
343,Ancud,CL,2022-02-06 20:31:44,-41.8697,-73.8203,75.22,68,8,7.45,clear sky
344,Mataram,ID,2022-02-06 20:31:44,-8.5833,116.1167,76.01,87,81,8.1,broken clouds
345,Itarema,BR,2022-02-06 20:31:45,-2.9248,-39.9167,80.58,75,79,12.21,broken clouds
346,Pringsewu,ID,2022-02-06 20:31:46,-5.3582,104.9744,71.82,97,100,2.48,overcast clouds
347,Kaeo,NZ,2022-02-06 20:31:46,-35.1,173.7833,74.32,98,100,4.88,overcast clouds
348,Rio Grande,BR,2022-02-06 20:31:47,-32.035,-52.0986,78.91,59,70,11.83,broken clouds
349,Lososina,RU,2022-02-06 20:31:47,48.9975,140.3106,2.3,83,26,6.26,scattered clouds
350,Lompoc,US,2022-02-06 20:27:07,34.6391,-120.4579,77.68,38,0,4.61,clear sky
351,Roma,US,2022-02-06 20:31:48,43.2128,-75.4557,31.86,55,0,12.66,clear sky
352,Varna,BG,2022-02-06 20:31:49,43.2167,27.9167,40.44,86,0,5.75,clear sky
353,Onega,RU,2022-02-06 20:31:49,63.9061,38.1404,10.99,93,92,10.96,overcast clouds
354,Filadelfia,US,2022-02-06 20:30:02,39.9523,-75.1638,38.44,45,20,1.01,few clouds
355,Campbellton,CA,2022-02-06 20:31:50,48.0075,-66.6727,10.85,90,95,1.21,overcast clouds
356,Amapa,BR,2022-02-06 20:31:50,1.0,-52.0,72.23,99,100,3.44,overcast clouds
357,Shahrud,IR,2022-02-06 20:31:51,36.4182,54.9763,30.18,66,23,3.49,few clouds
358,Kapuskasing,CA,2022-02-06 20:31:51,49.4169,-82.4331,15.89,79,100,5.75,overcast clouds
359,Santa Marta,CO,2022-02-06 20:31:52,11.2408,-74.199,94.33,58,20,9.22,few clouds
360,Kushiro,JP,2022-02-06 20:29:00,42.975,144.3747,18.05,75,16,5.99,few clouds
361,Kenora,CA,2022-02-06 20:32:53,49.8167,-94.4337,9.79,72,20,5.75,few clouds
362,Mabaruma,GY,2022-02-06 20:32:53,8.2,-59.7833,75.88,95,92,5.59,overcast clouds
363,North Bend,US,2022-02-06 20:32:54,43.4065,-124.2243,62.85,72,0,8.05,clear sky
364,Gimli,CA,2022-02-06 20:28:27,50.6336,-96.9907,7.12,61,88,4.61,overcast clouds
365,Talmenka,RU,2022-02-06 20:32:54,53.8183,83.5677,13.44,98,73,1.77,broken clouds
366,Yablonovo,RU,2022-02-06 20:32:54,50.8523,37.3574,31.86,93,100,9.66,overcast clouds
367,Batemans Bay,AU,2022-02-06 20:30:14,-35.7167,150.1833,64.09,86,56,7.9,broken clouds
368,Azanka,RU,2022-02-06 20:32:55,58.0401,64.7893,9.91,95,100,5.19,overcast clouds
369,Severo-Kurilsk,RU,2022-02-06 20:32:56,50.6789,156.125,29.71,85,100,15.1,light snow
370,Husavik,IS,2022-02-06 20:30:57,66.0449,-17.3389,24.71,77,99,1.79,overcast clouds
371,Malanje,AO,2022-02-06 20:32:56,-9.5402,16.341,64.35,72,99,3.47,overcast clouds
372,Paraopeba,BR,2022-02-06 20:32:57,-19.2757,-44.4033,76.55,96,100,3.33,overcast clouds
373,Sesori,SV,2022-02-06 20:32:57,13.7167,-88.3667,91.76,37,78,0.58,broken clouds
374,Zhezkazgan,KZ,2022-02-06 20:32:58,47.8043,67.7144,26.04,96,100,14.97,snow
375,Iquitos,PE,2022-02-06 20:32:05,-3.7481,-73.2472,87.84,62,40,5.75,scattered clouds
376,Nancha,CN,2022-02-06 20:32:59,47.1333,129.2667,-5.22,99,79,2.55,broken clouds
377,Izvestkovyy,RU,2022-02-06 20:32:59,48.9833,131.55,-12.01,99,97,2.51,overcast clouds
378,Karlskoga,SE,2022-02-06 20:33:00,59.3267,14.5239,34.92,91,28,6.82,scattered clouds
379,Ugoofaaru,MV,2022-02-06 20:33:00,5.6667,73.0,80.64,70,84,7.9,broken clouds
380,Kununurra,AU,2022-02-06 20:31:00,-15.7667,128.7333,75.18,100,75,1.14,light rain
381,Yar-Sale,RU,2022-02-06 20:33:01,66.8333,70.8333,-10.95,100,84,7.96,broken clouds
382,Labuhan,ID,2022-02-06 20:33:01,-6.8844,112.2051,77.36,89,100,5.91,overcast clouds
383,Buchanan,LR,2022-02-06 20:33:03,5.8808,-10.0467,78.76,82,11,7.27,few clouds
384,Araouane,ML,2022-02-06 20:33:04,18.9048,-3.5265,68.63,10,0,8.61,clear sky
385,Paamiut,GL,2022-02-06 20:33:04,61.994,-49.6678,4.68,80,100,11.25,overcast clouds
386,Pontianak,ID,2022-02-06 20:33:05,-0.0333,109.3333,73.38,100,75,2.3,moderate rain
387,Puerto Lopez,CO,2022-02-06 20:33:05,4.0845,-72.956,95.45,30,70,7.76,broken clouds
388,Caravelas,BR,2022-02-06 20:33:06,-17.7125,-39.2481,79.0,81,7,7.96,clear sky
389,Sistranda,NO,2022-02-06 20:33:06,63.7256,8.834,37.9,70,99,36.15,moderate rain
390,Iqaluit,CA,2022-02-06 20:30:12,63.7506,-68.5145,-34.31,65,20,4.0,few clouds
391,Kulhudhuffushi,MV,2022-02-06 20:33:07,6.6221,73.07,80.11,72,66,9.51,broken clouds
392,Nichinan,JP,2022-02-06 20:33:07,31.6,131.3667,34.75,64,93,4.18,overcast clouds
393,Santa Rosa,PH,2022-02-06 20:30:52,14.3122,121.1114,78.78,82,94,12.68,overcast clouds
394,Kostomuksha,RU,2022-02-06 20:33:08,64.571,30.5767,22.1,94,100,12.55,light snow
395,Cortez,US,2022-02-06 20:33:09,37.3489,-108.5859,43.56,22,0,10.02,clear sky
396,Navolato,MX,2022-02-06 20:30:20,24.7672,-107.6944,78.64,25,5,13.22,clear sky
397,Mecca,SA,2022-02-06 20:33:09,21.4267,39.8261,67.37,44,3,5.21,clear sky
398,Grindavik,IS,2022-02-06 20:30:11,63.8424,-22.4338,27.07,74,100,9.22,overcast clouds
399,Moose Factory,CA,2022-02-06 20:33:10,51.2585,-80.6094,5.0,78,100,10.36,overcast clouds
400,Manbij,SY,2022-02-06 20:33:10,36.5281,37.9549,38.17,75,38,4.07,scattered clouds
401,Bambanglipuro,ID,2022-02-06 20:33:11,-7.95,110.2833,76.12,87,100,3.58,overcast clouds
402,La Ronge,CA,2022-02-06 20:31:19,55.1001,-105.2842,7.05,78,100,11.5,overcast clouds
403,Broken Hill,AU,2022-02-06 20:32:21,-31.95,141.4333,67.71,45,40,11.5,scattered clouds
404,Aykhal,RU,2022-02-06 20:33:12,66.0,111.5,-21.59,98,100,5.46,overcast clouds
405,Walvis Bay,NA,2022-02-06 20:30:14,-22.9575,14.5053,72.55,78,100,5.75,overcast clouds
406,Portland,US,2022-02-06 20:30:24,45.5234,-122.6762,61.84,73,20,1.01,few clouds
407,Oranjestad,AW,2022-02-06 20:34:13,12.524,-70.027,82.35,69,75,18.41,broken clouds
408,Nome,US,2022-02-06 20:34:13,64.5011,-165.4064,-0.33,60,0,11.5,clear sky
409,Ordzhonikidze,KZ,2022-02-06 20:34:14,52.4411,61.7408,16.0,93,100,4.0,light snow
410,Komsomolskiy,UZ,2022-02-06 20:34:14,40.4272,71.7189,39.92,81,75,6.91,broken clouds
411,Rapid Valley,US,2022-02-06 20:32:39,44.0625,-103.1463,46.44,32,40,3.0,scattered clouds
412,Toila,EE,2022-02-06 20:34:15,59.4236,27.5025,32.32,97,100,12.21,snow
413,Tadine,NC,2022-02-06 20:34:16,-21.55,167.8833,82.18,79,96,4.14,overcast clouds
414,Le Lamentin,MQ,2022-02-06 20:30:08,14.6153,-61.0019,82.38,42,75,16.11,broken clouds
415,Sharjah,AE,2022-02-06 20:29:46,25.3573,55.4033,68.29,52,20,10.36,few clouds
416,Methoni,GR,2022-02-06 20:34:16,36.8197,21.7049,57.22,78,80,6.76,broken clouds
417,Dingle,PH,2022-02-06 20:30:12,10.9995,122.6711,72.93,90,80,8.14,broken clouds
418,Rogovatoye,RU,2022-02-06 20:34:17,51.23,38.3818,27.84,94,100,9.89,overcast clouds
419,Kolondieba,ML,2022-02-06 20:34:18,11.0882,-6.8926,78.89,11,0,4.97,clear sky
420,Bira,RU,2022-02-06 20:34:18,49.0,132.4667,-5.35,97,99,2.44,overcast clouds
421,Kungurtug,RU,2022-02-06 20:34:19,50.5994,97.5228,-12.71,95,26,1.66,scattered clouds
422,Chenzhou,CN,2022-02-06 20:34:20,25.8,113.0333,42.6,97,100,6.38,moderate rain
423,Nacala,MZ,2022-02-06 20:34:20,-14.5428,40.6728,76.95,86,19,6.46,few clouds
424,Balabac,PH,2022-02-06 20:34:20,7.9868,117.0645,80.4,82,100,19.73,overcast clouds
425,Narsaq,GL,2022-02-06 20:34:21,60.9167,-46.05,7.02,82,100,1.63,overcast clouds
426,Mendoza,AR,2022-02-06 20:31:47,-32.8908,-68.8272,78.33,41,20,6.91,few clouds
427,Darhan,MN,2022-02-06 20:34:22,49.4867,105.9228,-4.9,93,19,5.3,light snow
428,Sochi,RU,2022-02-06 20:34:22,43.6,39.7303,35.69,77,100,5.5,overcast clouds
429,Moron,AR,2022-02-06 20:34:22,-34.6534,-58.6198,72.95,57,73,13.02,broken clouds
430,Khani,GE,2022-02-06 20:34:23,41.9563,42.9566,24.37,99,100,1.92,snow
431,Waipawa,NZ,2022-02-06 20:34:23,-41.4122,175.5153,58.46,77,100,12.8,overcast clouds
432,Ugra,RU,2022-02-06 20:34:24,54.7777,34.3267,28.87,93,100,9.08,overcast clouds
433,Altamira,BR,2022-02-06 20:34:24,-3.2033,-52.2064,84.29,74,40,3.44,scattered clouds
434,Sur,OM,2022-02-06 20:34:25,22.5667,59.5289,70.5,70,1,4.97,clear sky
435,Baykit,RU,2022-02-06 20:34:25,61.67,96.37,-3.57,99,100,2.28,overcast clouds
436,Itaguai,BR,2022-02-06 20:34:26,-22.8522,-43.7753,87.42,70,40,6.91,scattered clouds
437,Alyangula,AU,2022-02-06 20:32:18,-13.8483,136.4192,75.07,100,79,0.0,broken clouds
438,Bilma,NE,2022-02-06 20:33:52,18.6853,12.9164,63.61,15,0,7.87,clear sky
439,Taksimo,RU,2022-02-06 20:34:27,56.3444,114.8794,-7.96,98,100,0.49,overcast clouds
440,Coquimbo,CL,2022-02-06 20:31:25,-29.9533,-71.3436,67.73,72,40,12.66,scattered clouds
441,Yerazgavors,AM,2022-02-06 20:34:28,40.7,43.75,16.18,73,68,2.3,broken clouds
442,Ostrovnoy,RU,2022-02-06 20:30:26,68.0531,39.5131,14.34,86,99,21.59,overcast clouds
443,Bandar,ID,2022-02-06 20:34:29,2.05,99.75,73.33,84,100,2.21,overcast clouds
444,Leh,IN,2022-02-06 20:34:29,34.1667,77.5833,10.09,90,95,2.55,overcast clouds
445,Harlingen,US,2022-02-06 20:29:43,26.1906,-97.6961,65.34,56,100,4.61,overcast clouds
446,Novotroitskaya,RU,2022-02-06 20:34:30,45.3267,41.5253,31.95,95,100,6.04,overcast clouds
447,Esmeraldas,BR,2022-02-06 20:33:02,-19.7625,-44.3139,76.24,96,100,4.36,overcast clouds
448,Clarence Town,AU,2022-02-06 20:34:30,-32.5833,151.7833,72.86,84,23,5.73,few clouds
449,Shenjiamen,CN,2022-02-06 20:34:31,29.9576,122.298,42.55,82,100,15.39,light rain
450,Haverfordwest,GB,2022-02-06 20:31:04,51.8017,-4.9691,45.99,75,27,5.01,scattered clouds
451,Pangoa,PE,2022-02-06 20:32:04,-12.1167,-73.0,79.34,67,100,0.43,moderate rain
452,Navirai,BR,2022-02-06 20:34:32,-23.065,-54.1906,81.99,54,82,3.33,broken clouds
453,Keflavik,IS,2022-02-06 20:34:32,64.0049,-22.5624,27.03,74,100,9.22,overcast clouds
454,Bandarbeyla,SO,2022-02-06 20:35:33,9.4942,50.8122,75.31,74,73,13.76,broken clouds
455,Luoyang,CN,2022-02-06 20:35:33,34.6836,112.4536,32.32,56,100,3.0,overcast clouds
456,Kidodi,TZ,2022-02-06 20:35:34,-7.6036,37.0044,72.41,95,99,3.91,light rain
457,Samarai,PG,2022-02-06 20:32:07,-10.6167,150.6667,81.73,76,100,9.24,overcast clouds
458,Lebane,RS,2022-02-06 20:35:34,42.9239,21.7375,36.64,87,11,7.11,few clouds
459,Zhuhai,CN,2022-02-06 20:35:35,22.2769,113.5678,62.31,82,20,16.11,few clouds
460,Voznesenye,RU,2022-02-06 20:35:35,61.0106,35.4781,15.69,91,78,10.04,broken clouds
461,Shangrao,CN,2022-02-06 20:35:36,28.4532,117.9686,38.52,95,100,6.85,light rain
462,Arman,RU,2022-02-06 20:35:36,59.7,150.1667,2.01,72,50,10.74,scattered clouds
463,Urucara,BR,2022-02-06 20:35:37,-2.5364,-57.76,77.88,94,100,1.39,moderate rain
464,Obera,AR,2022-02-06 20:31:16,-27.4871,-55.1199,83.64,24,0,6.24,clear sky
465,Emerald,AU,2022-02-06 20:31:40,-23.5333,148.1667,68.14,77,0,9.22,clear sky
466,Bakel,SN,2022-02-06 20:35:37,14.905,-12.4568,82.92,9,0,9.37,clear sky
467,Cuamba,MZ,2022-02-06 20:35:38,-14.8031,36.5372,66.34,94,4,4.16,clear sky
468,Nabire,ID,2022-02-06 20:35:38,-3.3667,135.4833,76.17,90,99,2.44,overcast clouds
469,Pedasi,PA,2022-02-06 20:35:39,7.5333,-80.0333,82.04,67,4,11.63,clear sky
470,Esna,EG,2022-02-06 20:35:39,25.2934,32.554,57.22,37,0,10.16,clear sky
471,Linxia,CN,2022-02-06 20:35:39,35.6003,103.2064,7.32,95,100,3.33,overcast clouds
472,Malakal,SS,2022-02-06 20:35:40,9.5334,31.6605,75.29,14,76,9.24,broken clouds
473,Ankang,CN,2022-02-06 20:35:40,32.68,109.0172,28.02,94,100,1.48,overcast clouds
474,Rush,IE,2022-02-06 20:35:41,53.5223,-6.0931,42.96,86,20,13.8,few clouds
475,Bonito,BR,2022-02-06 20:35:41,-21.1211,-56.4819,83.98,48,98,9.73,overcast clouds
476,Sohbatpur,PK,2022-02-06 20:35:42,28.5202,68.5434,62.11,33,26,6.06,scattered clouds
477,Ubauro,PK,2022-02-06 20:35:42,28.1652,69.7289,61.41,34,23,12.41,few clouds
478,Constantine,DZ,2022-02-06 20:35:42,36.365,6.6147,42.21,87,20,2.3,few clouds
479,Basco,PH,2022-02-06 20:35:43,20.4487,121.9702,72.84,72,100,26.73,overcast clouds
480,Devonport,AU,2022-02-06 20:35:43,-41.1667,146.35,60.01,81,15,7.7,few clouds
481,Saint-Augustin,CA,2022-02-06 20:35:44,51.226,-58.6502,-9.62,79,4,7.16,clear sky
482,Tyumentsevo,RU,2022-02-06 20:35:45,53.3224,81.498,-2.06,99,40,3.47,scattered clouds
483,Chernyshevsk,RU,2022-02-06 20:35:45,52.5243,117.0174,-19.97,100,78,1.25,broken clouds
484,Fairhope,US,2022-02-06 20:35:46,30.523,-87.9033,61.14,39,0,4.61,clear sky
485,San Juan,AR,2022-02-06 20:34:02,-31.5375,-68.5364,82.62,27,0,6.24,clear sky
486,Ambilobe,MG,2022-02-06 20:35:47,-13.2,49.05,74.71,93,98,2.62,light rain
487,Simpang,ID,2022-02-06 20:35:47,-1.2667,104.0833,73.33,96,100,3.76,overcast clouds
488,Lukulu,ZM,2022-02-06 20:35:48,-14.3707,23.242,66.0,96,100,3.15,moderate rain
489,Venustiano Carranza,MX,2022-02-06 20:35:48,19.43,-99.0992,71.15,29,40,5.01,scattered clouds
490,Kuytun,RU,2022-02-06 20:35:48,54.3419,101.5036,8.8,96,99,2.13,overcast clouds
491,Ajdabiya,LY,2022-02-06 20:35:50,30.7554,20.2263,57.63,48,100,2.13,overcast clouds
492,Ambulu,ID,2022-02-06 20:35:50,-8.345,113.6058,75.34,92,100,3.22,overcast clouds
493,Manavalakurichi,IN,2022-02-06 20:35:51,8.1333,77.3,80.69,79,75,5.86,broken clouds
494,Ndende,GA,2022-02-06 20:35:51,-2.4008,11.3581,74.35,94,27,2.06,scattered clouds
495,Sao Filipe,CV,2022-02-06 20:33:10,14.8961,-24.4956,73.08,74,0,8.7,clear sky
496,Krasnoselkup,RU,2022-02-06 20:32:04,65.7,82.4667,-20.58,100,30,7.92,scattered clouds
497,Monrovia,LR,2022-02-06 20:35:52,6.3005,-10.7969,78.57,82,5,9.01,clear sky
498,Fuerte Olimpo,PY,2022-02-06 20:35:52,-21.0415,-57.8738,89.73,35,96,7.99,overcast clouds
499,Banyo,CM,2022-02-06 20:35:53,6.75,11.8167,70.05,27,3,4.14,clear sky
500,Qostanay,KZ,2022-02-06 20:35:53,53.1667,63.5833,7.81,88,84,7.25,broken clouds
501,Biskamzha,RU,2022-02-06 20:35:54,53.4497,89.5272,6.69,89,95,1.92,overcast clouds
502,Sept-Iles,CA,2022-02-06 20:36:54,50.2001,-66.3821,7.05,61,75,7.0,broken clouds
503,Chumikan,RU,2022-02-06 20:36:55,54.7183,135.315,-11.49,89,60,11.48,broken clouds
504,Comacchio,IT,2022-02-06 20:36:56,44.6975,12.1858,43.02,79,94,6.96,overcast clouds
505,Thinadhoo,MV,2022-02-06 20:32:18,0.5333,72.9333,82.35,68,77,11.21,broken clouds
506,Carthage,TN,2022-02-06 20:36:56,36.8611,10.3316,53.46,76,20,8.05,few clouds
507,Manaure,CO,2022-02-06 20:36:57,11.7751,-72.4445,84.31,66,21,16.33,few clouds
508,Dekar,BW,2022-02-06 20:36:57,-21.5333,21.9333,74.64,48,91,11.54,overcast clouds
509,Luanda,AO,2022-02-06 20:33:04,-8.8368,13.2343,75.78,82,99,10.76,overcast clouds
510,Pitimbu,BR,2022-02-06 20:36:58,-7.4706,-34.8086,82.99,68,8,12.35,clear sky
511,Scottsbluff,US,2022-02-06 20:36:59,41.8666,-103.6672,44.83,45,40,10.0,scattered clouds
512,Beloha,MG,2022-02-06 20:36:59,-25.1667,45.05,74.26,94,100,18.43,light rain
513,Farah,AF,2022-02-06 20:36:59,32.5,62.5,43.97,50,0,3.74,clear sky
514,Melville,US,2022-02-06 20:37:00,40.7934,-73.4151,32.56,64,0,1.99,clear sky
515,Neuquen,AR,2022-02-06 20:35:46,-38.9516,-68.0591,87.69,23,0,3.44,clear sky
516,Ekhabi,RU,2022-02-06 20:37:00,53.5102,142.9671,1.62,93,100,23.15,light snow
517,Gat,IL,2022-02-06 20:34:28,31.61,34.7642,55.9,100,9,7.81,clear sky
518,Baie-Comeau,CA,2022-02-06 20:37:01,49.2168,-68.1489,6.48,61,20,4.61,few clouds
519,Thomastown,IE,2022-02-06 20:37:02,52.5267,-7.1372,45.43,82,13,7.81,few clouds
520,Ulladulla,AU,2022-02-06 20:37:02,-35.35,150.4667,61.77,80,70,10.49,broken clouds
521,Aracati,BR,2022-02-06 20:37:03,-4.5617,-37.7697,81.05,67,12,9.26,few clouds
522,Mandera,KE,2022-02-06 20:35:55,3.9366,41.867,83.41,20,71,9.98,broken clouds
523,Waingapu,ID,2022-02-06 20:37:03,-9.6567,120.2641,78.6,85,76,3.89,broken clouds
524,Pimentel,PE,2022-02-06 20:37:04,-6.8367,-79.9342,79.09,53,0,14.97,clear sky
525,Nantucket,US,2022-02-06 20:37:04,41.2835,-70.0995,31.14,66,100,6.31,overcast clouds
526,Taoudenni,ML,2022-02-06 20:34:31,22.6783,-3.9836,71.2,11,24,9.89,few clouds
527,Den Helder,NL,2022-02-06 20:37:05,52.9599,4.7593,43.07,76,40,24.0,scattered clouds
528,Lethem,GY,2022-02-06 20:37:05,3.3803,-59.7968,90.43,46,96,8.16,overcast clouds
529,Biak,ID,2022-02-06 20:37:06,-0.9131,122.8766,75.76,81,100,2.64,overcast clouds
530,Namibe,AO,2022-02-06 20:37:06,-15.1961,12.1522,74.7,67,100,12.86,overcast clouds
531,Pirai,BR,2022-02-06 20:37:07,-22.6292,-43.8981,83.28,92,97,1.36,overcast clouds
532,Mount Isa,AU,2022-02-06 20:37:07,-20.7333,139.5,73.17,73,41,4.61,scattered clouds
533,Sao Joao Da Barra,BR,2022-02-06 20:37:08,-21.6403,-41.0511,84.29,85,1,18.86,clear sky
534,Tura,IN,2022-02-06 20:37:08,25.5198,90.2201,51.39,80,0,3.15,clear sky
535,Saint Anthony,US,2022-02-06 20:37:09,45.0205,-93.218,21.13,68,100,5.01,haze
536,San Carlos Del Zulia,VE,2022-02-06 20:37:09,9.0,-71.9135,87.78,52,36,8.19,scattered clouds
537,Los Llanos De Aridane,ES,2022-02-06 20:37:09,28.6585,-17.9182,64.15,64,40,14.0,scattered clouds
538,San Patricio,US,2022-02-06 20:37:10,28.017,-97.5169,66.16,58,36,5.79,scattered clouds
539,Sadiqabad,PK,2022-02-06 20:37:10,28.3062,70.1307,59.7,37,14,11.72,few clouds
540,Semnan,IR,2022-02-06 20:37:11,35.5729,53.3971,35.44,51,0,0.0,clear sky
541,Novo Aripuana,BR,2022-02-06 20:37:11,-5.1206,-60.3797,81.18,87,100,2.24,light rain
542,Champerico,GT,2022-02-06 20:37:12,14.3,-91.9167,90.77,59,8,11.12,clear sky
543,Inongo,CD,2022-02-06 20:37:12,-1.95,18.2667,76.84,72,93,5.17,overcast clouds
544,Bongandanga,CD,2022-02-06 20:37:13,1.5,21.05,75.74,39,53,2.42,broken clouds
545,Quelimane,MZ,2022-02-06 20:37:13,-17.8786,36.8883,78.75,94,40,6.91,scattered clouds
546,Qandala,SO,2022-02-06 20:37:14,11.472,49.8728,74.64,58,96,4.36,overcast clouds
547,Soria,ES,2022-02-06 20:37:14,41.6667,-2.6667,38.86,45,10,3.22,clear sky
548,Alpine,US,2022-02-06 20:37:14,32.835,-116.7664,76.98,13,0,5.01,clear sky
549,Bad Soden-Salmunster,DE,2022-02-06 20:38:15,50.2757,9.3671,43.93,92,100,20.2,moderate rain
550,Meulaboh,ID,2022-02-06 20:35:46,4.1363,96.1285,75.07,91,100,3.51,overcast clouds
551,Nhamunda,BR,2022-02-06 20:38:16,-2.1861,-56.7131,76.44,95,100,0.49,light rain
552,Svetlyy,RU,2022-02-06 20:38:16,54.675,20.1347,41.05,97,100,21.52,light rain
553,Port-Gentil,GA,2022-02-06 20:38:16,-0.7193,8.7815,80.56,83,20,8.05,few clouds
554,Sao Gabriel Da Cachoeira,BR,2022-02-06 20:34:13,-0.1303,-67.0892,80.17,91,96,1.61,overcast clouds
555,Santa Lucia,ES,2022-02-06 20:38:17,27.9117,-15.5407,59.76,77,20,17.27,few clouds
556,Mananara,MG,2022-02-06 20:38:17,-16.1667,49.7667,74.59,86,77,5.99,broken clouds
557,Atambua,ID,2022-02-06 20:38:18,-9.1061,124.8925,74.25,86,47,0.81,scattered clouds
558,Alvand,IR,2022-02-06 20:38:18,36.3187,49.1678,21.94,83,31,8.25,scattered clouds
559,Manggar,ID,2022-02-06 20:37:09,-2.8833,108.2667,77.79,89,100,7.43,moderate rain
560,Yokadouma,CM,2022-02-06 20:33:22,3.5167,15.05,71.78,29,59,3.02,broken clouds
561,Shush,IR,2022-02-06 20:38:19,32.1942,48.2436,51.67,43,1,8.88,clear sky
562,Yantal,RU,2022-02-06 20:38:19,56.8471,105.2542,9.27,98,100,2.82,overcast clouds
563,Pa Sang,TH,2022-02-06 20:38:20,18.5262,98.9394,69.12,82,100,0.45,overcast clouds
564,Huilong,CN,2022-02-06 20:35:07,31.8111,121.655,42.04,78,100,11.72,light rain
565,Mao,ES,2022-02-06 20:38:21,39.8885,4.2658,43.36,87,20,1.14,few clouds
566,Nanortalik,GL,2022-02-06 20:34:31,60.1432,-45.2371,16.2,66,100,21.09,overcast clouds
567,Mayya,RU,2022-02-06 20:38:21,61.7333,130.2811,-33.48,100,100,2.35,overcast clouds
568,Karla,EE,2022-02-06 20:38:22,59.3723,24.9275,33.76,85,100,10.36,overcast clouds
569,Conil,FR,2022-02-06 20:38:22,44.9673,3.7177,34.7,93,100,9.57,overcast clouds
570,Shanhetun,CN,2022-02-06 20:38:23,44.7,127.2,-0.42,98,99,5.37,overcast clouds
571,Kavaratti,IN,2022-02-06 20:38:23,10.5669,72.642,77.92,69,25,10.2,scattered clouds
572,Vanimo,PG,2022-02-06 20:38:23,-2.6741,141.3028,77.95,87,100,3.89,overcast clouds
573,Inhuma,BR,2022-02-06 20:38:24,-6.6683,-41.7078,82.38,56,99,1.9,overcast clouds
574,Riyadh,SA,2022-02-06 20:34:15,24.6877,46.7219,51.94,40,0,7.45,clear sky
575,Millington,US,2022-02-06 20:38:26,35.3415,-89.8973,51.12,47,0,0.0,clear sky
576,Yerbogachen,RU,2022-02-06 20:38:16,61.2767,108.0108,-9.51,100,99,1.88,overcast clouds
577,Tonj,SS,2022-02-06 20:33:43,7.2737,28.6822,73.69,17,78,4.9,broken clouds
578,Saint George,US,2022-02-06 20:38:27,37.1041,-113.5841,61.27,20,0,1.01,clear sky
579,Dabakala,CI,2022-02-06 20:38:28,8.3667,-4.4333,81.28,18,6,2.35,clear sky
580,Camabatela,AO,2022-02-06 20:38:28,-8.1881,15.375,62.74,89,99,0.83,overcast clouds
581,Astana,KZ,2022-02-06 20:38:29,51.1801,71.446,6.75,72,0,8.95,clear sky
582,Comodoro Rivadavia,AR,2022-02-06 20:38:29,-45.8667,-67.5,76.86,31,0,13.8,clear sky
583,Zambezi,ZM,2022-02-06 20:38:30,-13.5432,23.1047,65.59,97,100,3.83,moderate rain
584,Yermakovskoye,RU,2022-02-06 20:38:30,53.2831,92.4003,-5.58,96,97,1.72,overcast clouds
585,Kinshasa,CD,2022-02-06 20:38:31,-4.3246,15.3215,82.78,74,72,4.61,broken clouds
586,Bonavista,CA,2022-02-06 20:38:31,48.6499,-53.1147,15.12,62,99,25.81,overcast clouds
587,Soligalich,RU,2022-02-06 20:38:31,59.0778,42.2864,5.68,97,93,5.66,overcast clouds
588,Zhigansk,RU,2022-02-06 20:38:32,66.7697,123.3711,-27.29,99,95,6.15,overcast clouds
589,Agirish,RU,2022-02-06 20:38:32,61.9247,63.0231,6.37,97,100,6.82,overcast clouds
590,Nuristan,AF,2022-02-06 20:38:33,35.3,70.8333,7.68,90,99,6.62,overcast clouds
591,Port Hardy,CA,2022-02-06 20:38:33,50.6996,-127.4199,46.76,76,100,17.27,overcast clouds
592,Maumere,ID,2022-02-06 20:38:33,-8.6199,122.2111,80.15,81,19,7.58,few clouds
593,Pala,TD,2022-02-06 20:38:34,9.3642,14.9046,74.55,16,11,5.79,few clouds
594,Saint-Pierre,RE,2022-02-06 20:35:51,-21.3393,55.4781,80.24,78,0,1.14,clear sky
595,Cedar City,US,2022-02-06 20:38:35,37.6775,-113.0619,42.4,36,0,10.36,clear sky
596,Kirkuk,IQ,2022-02-06 20:39:35,35.4681,44.3922,45.79,54,100,2.82,overcast clouds
597,Visby,SE,2022-02-06 20:39:36,57.6409,18.296,37.62,93,40,9.22,scattered clouds
598,Hirado,JP,2022-02-06 20:39:36,33.3597,129.5531,38.39,56,91,8.61,overcast clouds
599,Sabzevar,IR,2022-02-06 20:39:36,36.2126,57.6819,37.2,65,81,4.0,broken clouds
600,Aksarka,RU,2022-02-06 20:39:37,66.5606,67.7975,-16.35,100,90,6.49,overcast clouds
601,Lufilufi,WS,2022-02-06 20:39:37,-13.8745,-171.5986,82.18,78,100,18.99,light rain
602,Geilo,NO,2022-02-06 20:39:38,60.5333,8.2076,22.69,88,65,8.95,broken clouds
603,Kokstad,ZA,2022-02-06 20:39:38,-30.5472,29.4241,57.33,97,16,4.36,few clouds
604,Sucre,BO,2022-02-06 20:34:42,-19.0333,-65.2627,56.01,73,100,8.75,overcast clouds
605,Pasni,PK,2022-02-06 20:39:39,25.2631,63.471,70.79,85,0,9.69,light rain
606,Pacifica,US,2022-02-06 20:39:39,37.6138,-122.4869,68.67,56,0,10.0,clear sky
607,Kawalu,ID,2022-02-06 20:39:40,-7.3817,108.2082,72.52,95,100,3.15,overcast clouds
608,Acari,PE,2022-02-06 20:39:40,-15.4311,-74.6158,79.77,58,94,10.16,overcast clouds
609,Kinablangan,PH,2022-02-06 20:39:41,7.6947,126.5503,76.53,85,91,6.46,overcast clouds
610,Torres,BR,2022-02-06 20:39:42,-29.3353,-49.7269,77.11,68,48,10.16,scattered clouds
611,Xiaoweizhai,CN,2022-02-06 20:39:43,26.1903,107.5125,38.12,97,100,4.61,overcast clouds
612,San Ramon,US,2022-02-06 20:38:22,37.7799,-121.978,66.97,45,0,3.0,clear sky
613,Qui Nhon,VN,2022-02-06 20:39:43,13.7667,109.2333,70.02,90,93,7.31,overcast clouds
614,Bafq,IR,2022-02-06 20:38:08,31.6128,55.4107,47.05,29,0,2.35,clear sky
615,Culpeper,US,2022-02-06 20:39:44,38.5004,-77.9664,40.91,45,0,4.0,clear sky
616,Raisinghnagar,IN,2022-02-06 20:39:44,29.5358,73.4492,55.13,55,2,10.11,clear sky
617,Lehigh Acres,US,2022-02-06 20:39:45,26.6254,-81.6248,79.0,67,100,3.0,overcast clouds
618,Vysokogornyy,RU,2022-02-06 20:35:09,50.1167,139.15,-16.1,100,95,2.93,overcast clouds
619,Liwale,TZ,2022-02-06 20:39:46,-9.7667,37.9333,72.45,80,100,2.75,overcast clouds
620,Phetchaburi,TH,2022-02-06 20:39:47,12.9667,99.5833,77.29,79,52,2.68,broken clouds
621,Sao Domingos,BR,2022-02-06 20:39:47,-13.3983,-46.3183,70.36,91,100,3.78,overcast clouds
622,Bergisch Gladbach,DE,2022-02-06 20:39:47,50.9833,7.1333,42.51,91,75,5.99,broken clouds
623,Yelizovo,RU,2022-02-06 20:39:48,53.1873,158.3805,28.54,74,100,17.9,light shower snow
624,Rio Gallegos,AR,2022-02-06 20:39:48,-51.6226,-69.2181,73.45,38,75,21.85,broken clouds
625,Kurumkan,RU,2022-02-06 20:39:49,54.3,110.3,-3.89,95,56,4.18,broken clouds
626,Northam,GB,2022-02-06 20:35:43,51.0333,-4.2167,48.02,78,17,23.89,few clouds
627,Toropets,RU,2022-02-06 20:39:49,56.4978,31.6353,30.15,96,100,11.7,light snow
628,Bocaiuva,BR,2022-02-06 20:39:50,-17.1078,-43.815,71.31,94,100,1.97,light rain
629,Tynda,RU,2022-02-06 20:39:50,55.1667,124.7167,-21.23,100,58,1.86,broken clouds
630,Erenhot,CN,2022-02-06 20:39:51,43.6475,111.9767,2.14,87,6,5.93,clear sky
631,Kota Belud,MY,2022-02-06 20:39:51,6.351,116.4305,75.06,86,99,6.17,overcast clouds
632,Romilly-Sur-Seine,FR,2022-02-06 20:39:52,48.5108,3.7263,50.38,91,100,18.5,moderate rain
633,Terrace,CA,2022-02-06 20:39:52,54.5163,-128.6035,42.71,81,75,18.41,broken clouds
634,Port Moresby,PG,2022-02-06 20:39:53,-9.4431,147.1797,74.62,94,40,9.22,scattered clouds
635,Contai,IN,2022-02-06 20:39:53,21.7786,87.7536,62.37,59,100,3.11,overcast clouds
636,Gallup,US,2022-02-06 20:35:37,35.5281,-108.7426,45.36,31,0,10.0,clear sky
637,Asau,RO,2022-02-06 20:39:54,46.4333,26.4,36.52,74,100,6.46,overcast clouds
638,Albanel,CA,2022-02-06 20:39:54,48.8832,-72.4487,6.94,78,100,10.36,overcast clouds
639,Tchamba,TG,2022-02-06 20:39:55,9.0333,1.4167,80.02,19,0,1.36,clear sky
640,Honiara,SB,2022-02-06 20:39:56,-9.4333,159.95,81.82,83,100,5.82,moderate rain
641,Mitu,CO,2022-02-06 20:40:56,1.1983,-70.1733,81.5,74,40,3.78,light rain
642,Usinsk,RU,2022-02-06 20:40:56,65.9939,57.5281,-9.47,99,42,6.44,scattered clouds
643,Saint-Francois,FR,2022-02-06 20:40:57,46.4154,3.9054,47.68,76,100,14.97,overcast clouds
644,Fushun,CN,2022-02-06 20:40:57,41.8558,123.9233,6.51,79,1,3.56,clear sky
645,Xichang,CN,2022-02-06 20:40:58,27.8964,102.2634,39.61,90,72,3.44,broken clouds
646,Conceicao Da Barra,BR,2022-02-06 20:40:49,-18.5933,-39.7322,78.42,83,4,10.4,clear sky
647,Tres Arroyos,AR,2022-02-06 20:38:02,-38.3739,-60.2798,65.46,72,96,13.58,overcast clouds
648,Manokwari,ID,2022-02-06 20:40:58,-0.8667,134.0833,77.77,77,100,1.88,overcast clouds
649,Along,IN,2022-02-06 20:40:59,28.1667,94.7667,47.46,96,49,0.65,scattered clouds
650,Concepcion Del Uruguay,AR,2022-02-06 20:41:00,-32.4825,-58.2372,73.98,46,3,5.01,clear sky
651,Halifax,CA,2022-02-06 20:40:13,44.6453,-63.5724,20.21,71,3,2.3,clear sky
652,Roseburg,US,2022-02-06 20:41:00,43.2165,-123.3417,46.51,76,0,3.44,clear sky
653,De-Kastri,RU,2022-02-06 20:41:01,51.4667,140.7833,3.47,94,100,9.95,overcast clouds
654,Vuktyl,RU,2022-02-06 20:41:01,63.8567,57.3094,14.13,79,96,10.16,overcast clouds
655,Port Hedland,AU,2022-02-06 20:41:02,-20.3167,118.5667,80.65,94,75,5.75,moderate rain
656,Atar,MR,2022-02-06 20:41:02,20.5169,-13.0499,75.09,9,0,6.82,clear sky
657,Beni Mazar,EG,2022-02-06 20:41:03,28.4962,30.8029,54.54,47,0,6.35,clear sky
658,Grand Gaube,MU,2022-02-06 20:41:03,-20.0064,57.6608,79.38,80,85,5.99,overcast clouds
659,Umm Lajj,SA,2022-02-06 20:41:04,25.0213,37.2685,65.93,49,0,17.09,clear sky
660,Kozhevnikovo,RU,2022-02-06 20:41:04,56.2589,83.9714,6.26,93,100,3.56,overcast clouds
661,Narasannapeta,IN,2022-02-06 20:41:05,18.4167,84.05,67.05,70,86,3.11,overcast clouds
662,Moussoro,TD,2022-02-06 20:41:05,13.6408,16.4901,67.96,9,0,12.15,clear sky
663,Geelong,AU,2022-02-06 20:41:05,-38.1471,144.3607,63.9,88,0,1.99,clear sky
664,Bubaque,GW,2022-02-06 20:41:06,11.2833,-15.8333,77.67,72,3,17.47,clear sky
665,Cap Malheureux,MU,2022-02-06 20:41:07,-19.9842,57.6142,79.47,80,86,5.99,overcast clouds
666,Omuta,JP,2022-02-06 20:41:07,33.0333,130.45,38.93,62,60,1.39,broken clouds
667,Otacilio Costa,BR,2022-02-06 20:41:08,-27.4831,-50.1219,78.28,40,27,7.36,scattered clouds
668,Gazojak,TM,2022-02-06 20:41:09,41.1875,61.4036,33.44,64,2,7.07,clear sky
669,Bac Lieu,VN,2022-02-06 20:41:10,9.285,105.7244,78.46,73,99,15.82,overcast clouds
670,Kedainiai,LT,2022-02-06 20:41:10,55.2883,23.9747,37.15,98,100,14.14,overcast clouds
671,Bahile,PH,2022-02-06 20:41:10,9.9995,118.7878,74.12,86,88,3.0,overcast clouds
672,Andenes,NO,2022-02-06 20:41:11,69.3143,16.1194,33.78,69,20,11.5,few clouds
673,Beyneu,KZ,2022-02-06 20:41:11,45.3167,55.2,28.6,79,40,5.88,scattered clouds
674,Panzhihua,CN,2022-02-06 20:39:05,26.5851,101.7128,43.5,85,1,2.04,clear sky
675,Kukuna,SL,2022-02-06 20:41:12,9.4,-12.6667,77.2,67,31,8.12,scattered clouds
676,Bela Vista Do Paraiso,BR,2022-02-06 20:41:13,-22.9967,-51.1906,87.04,85,26,5.73,scattered clouds
677,Havre,FR,2022-02-06 20:41:13,49.5833,0.3333,50.43,87,75,21.85,broken clouds
678,Kuryk,KZ,2022-02-06 20:41:13,43.2,51.65,39.54,75,96,8.28,overcast clouds
679,Skibbereen,IE,2022-02-06 20:41:14,51.55,-9.2667,51.12,85,93,13.44,overcast clouds
